ID,Chapter,Title,Criteria,Related_Criteria,Explanation,Service
281,はじめに,はじめに,"LINE広告掲載ガイドライン（以下「本ガイドライン」といいます）は、LINEヤフー株式会社（以下「当社」といいます）が​お客様に対しLINE広告(以下「本サービス」といいます)を提供するにあたり、お客様に円滑にご利用いただくことを目的として定めるものです。​本ガイドラインは、本サービスで配信される広告（当社が提携する第三者の広告枠で配信される広告も含みます）全ての内容に適用されます。

LINE広告で配信される広告は、各種法令、業界が定める自主基準やルールを遵守する必要があります。​また、広告審査については、配信前後にかかわらず、当社ルールに則り行います。​そのため本ガイドラインに抵触したと当社で判断した際は配信内容の修正・削除、配信停止、本サービスの提供停止等の対応を行う場合があります。​ご一読、ご理解の上、配信をお願いします。

本ガイドラインに定めがない場合、LINE広告利用規約（以下「利用規約」といいます）が適用されるものとし、本ガイドラインの定めが利用規約の定めと矛盾もしくは抵触する場合、本ガイドラインが優先して適用されるものとします。

なお、本ガイドラインの記載内容は社会情勢や関係法令の改正等により変更されることがあります。あらかじめご了承ください。",0,,line
282,サービスポリシー,サービスポリシー,"LINE広告は、子どもから大人まで幅広い年齢層のユーザーに対して広告配信を行うプラットフォームです。

そのため、当社は本サービスで配信される広告（当社が提携する第三者の広告枠で配信される広告も含みます）について「情報の受け手（ユーザー）がどう思うか」「ユーザーが必要とする情報を適切な形で提供しているか」「ユーザーが不快に感じることはないか」「すべてのユーザーが安心・安全にサービスを利用できているか」という点を非常に重視しております。​​",0,,line
283,広告アカウント開設,広告アカウント開設,"広告アカウントの開設審査は、当社が独自に定める基準により行うものとし、基準を満たしていないと判断した場合は、当社の裁量により、広告アカウントの開設をお断りする場合があります。
また、お客様を対象に本人確認を実施する場合があります。本人確認とは、LINE広告を申し込んだお客様が実在し、かつ現在有効な住所等で申し込まれたことを確認する目的で、広告掲載前、掲載後にかかわらず、必要に応じて実施します。

広告アカウント開設にあたっては以下の基準により総合的に判断します。

LINEユーザーの不利益につながる可能性はないか
法令に抵触する可能性はないか
利用規約に抵触していないか、あるいは抵触する恐れはないか
当社が独自に定める審査基準を満たしているか
当社の事業へ悪影響を及ぼす、あるいは当社の信用を損なうものでないか
なお、当社はお客様に対し、審査結果およびその理由について説明する義務を負わないものとします。",0,,line
284,広告アカウント作成時の注意点,広告アカウント作成時の注意点,"商材情報に設定するLINE公式アカウントのベーシックID/プレミアムID（※以下ベーシックID/プレミアムIDと呼ぶ）は、認証済アカウントを推奨します。設定されたベーシックID/プレミアムIDは以下を満たしていることを前提とします。条件を満たさないベーシックID/プレミアムIDは広告配信の有無に関わらず、当社より広告アカウントの利用停止をさせていただくことがありますので、予めご了承ください。

広告主が管理するベーシックID/プレミアムIDであること
LINE広告にて広告配信するにあたり、広告主が管理するベーシックID/プレミアムIDの利用許諾を得ていること
ベーシックID/プレミアムIDのアカウント表示名が広告主体者または訴求されるサービスと明らかに関連があることがわかること
商材情報に設定するベーシックID/プレミアムIDのアカウント表示名は、以下の条件を満たしていない場合はご利用になれません。条件を満たさないベーシックID/プレミアムIDは広告配信の有無に関わらず、当社より広告アカウントの利用停止をさせていただくことがありますので、予めご了承ください。

法人⋅団体⋅個人または商品⋅サービスのいずれかの正式名称が必ず含まれていること
実在しない法人⋅団体⋅個人名、または商品⋅サービス名を利用していないこと
事実とは異なるまたは誤認を招くような内容の文字列を使用していないこと
当社または当社の関連会社の商品⋅サービスと誤認されるような表示名ではないこと",0,,line
285,お客様の責任,お客様の責任,"審査の結果、当社が広告アカウント開設を承諾した場合であっても、当社の承諾は本サービス利用にあたってのお客様の法的・社会的責任を減免するものではありません。​​

本サービスをお申し込みになる時点で、本サービスの利用によって生じるお客様の法的・社会的責任をお客様ご自身が負うことを承諾されたものとみなします。​

また、当社はお客様が本サービスを利用することにより第三者に対して損害を与えた場合においても、その一切の責任を負わないものとします。",0,,line
286,ご利用いただけないお客様,ご利用いただけないお客様,"お客様が以下の各項目に該当すると当社が判断した場合は、本サービスをご利用いただけません。また、本サービスを利用し、広告の配信開始後に各項目に該当することが判明した場合は、直ちに該当する広告アカウントの削除、本サービスの提供停止、本サービスにかかる利用契約の解除等の措置を取らせていただく場合があります。あらかじめご了承ください。

犯罪に使用されるおそれのある商品、サービスの提供を行っている法人、団体、個人​
不法行為または犯罪行為を構成、または助長するおそれのある法人、団体、個人​
他人の個人情報、登録情報、利用履歴などの違法または不正な売買、仲介、斡旋等を行っている法人、団体、個人​
法令または公序良俗に反する行為を行っている、もしくは行うおそれのある法人、団体、個人
契約違反を行っていると当社が判断する法人、団体、個人
その他当社が本サービスの利用が不適当であると判断する法人、団体、個人​
なお、当社はお客様に対し、審査結果およびその理由について説明する義務を負わないものとします。",0,,line
287,禁止事項,禁止事項,"以下のような内容や行為を含む広告を​配信しないでください。​

反社会的なコンテンツ、あるいは反社会的勢力に対する利益供与、その他の協力行為を行う内容​
クリック報酬を目的とする行為、悪質なマーケティング、スパム行為​
意図的に虚偽の情報を流布させる行為、またはお申込された業種の運営・維持とはなんら関係のない内容​
当社または第三者の著作権、商標権などの知的財産権、その他法令または契約上の権利を侵害する内容​
広告主やクリエイティブと直接関係のないページへ遷移させる行為、または第三者のための広告媒体として使用する行為​
誹謗中傷や名誉毀損をするもの、公序良俗や社会通念に反するおそれのある内容​
第三者の個人情報、登録情報、利用履歴情報などを、不正に収集、開示、または提供する行為​
暴力的な表現、露骨な性的表現、人種、国籍、信条、性別、社会的身分などによる差別につながる内容​
醜悪、残虐、猟奇的で不快感を与える内容​
ポルノなどの性的コンテンツ、性行為やわいせつな行為を目的としたもの、面識のない第三者との出会いや交際を目的とする内容​
特定の宗教、思想、信仰、信条に関する内容
訴求するサービス、商品が不明瞭な内容​
投機心、射幸心を著しく煽る内容、ギャンブル性を感じる表現または内容​
非科学的、迷信に類するものでユーザーを惑わせるもの、またはユーザーを誤認させたり、権利や利益を害する可能性がある内容​
ネットワークビジネス、ねずみ講などに関わる内容​
LINE利用規約または、本ガイドラインに抵触する表現を含んだ内容​
LINEロゴ利用ガイドラインの規定に抵触する内容​
本サービスの運営を妨害し、サーバーやネットワークシステムに支障を与える行為、または本サービスの不具合を​意図的に利用する行為​
当社に対し不当な問い合わせまたは要求をする行為​
上記のいずれかに該当する行為を援助または助長する内容や行為​
広告主によるコンテンツが少ない、あるいは品質の低いもの
信憑性のない他社製品との比較やランキング
広告主とは関係のない第三者のサイトへのリンク、無許可で画像転載がされているもの
購入等に際する条件などがわかりにくい表示になっているもの
正確性や信憑性に欠ける内容や、ユーザーにとって有用性の低い内容
当社が認めた場合を除き、意図的に同一ページに同じ広告を重複して掲載する行為
その他､当社が不適当と認める内容",0,,line
288,出稿できない業種・サービス,出稿できない業種・サービス,"当社ポリシーにより、全部もしくは一部に関わらず、下記に該当すると当社が判断した場合、広告アカウントの開設を認めない、または広告アカウントの運用を停止し、本サービスにかかる利用契約を解除する等の措置を取らせていただくことがあります。

特定の宗教、および宗教団体
ギャンブル関連（公営競技・宝くじ、スポーツ振興くじ・パチンコ等は除く）​
アダルト関連​
連鎖販売取引​
たばこ、電子タバコ​ （一部当社が認めた場合を除く）​
武器全般、毒物・劇物​
未承認医薬品⋅医療機器等​
情報商材
チケット不正転売
その他当社が不適合と判断した業種⋅業態、商品⋅サービス​
なお、上記はあくまで一例であり、記載のないケースにおいても、本サービスの利用をお断りすることがあります。あらかじめご了承ください。",0,,line
289,広告掲載にあたって規制・基準があるもの,広告掲載にあたって規制・基準があるもの,"広告掲載にあたり、次の1 ~ 5の商材を広告する際は、法令や広告表示規制に準拠する必要があり、特に注意が必要です。
医薬品、医薬部外品、医療機器、化粧品等に関しては、厚生労働省の定める「医薬品、医療機器等の品質、有効性及び安全性の確保等に関する法律（医薬品医療機器等法）」および「医薬品等適正広告基準」に基づき厳しく制限されています。​​

効能効果の表示はそれぞれ認められた範囲内とし、条件がある場合は当社サービス内で条件を明示・ 記載、且つ安全性や効能効果を保証する表現がないようにしてください。​
表現規制については、東京都福祉保健局の各資料を参考としてください。​",0,,line
290,広告掲載にあたって規制・基準があるもの,化粧品・薬用化粧品（医薬部外品）,"医薬品医療機器等法の定義では、化粧品とは「人の髪の毛や身体を清潔にして美化し、魅力を増し、容貌を変えて健やかに保つために使うもので、作用が緩和なもの」とされています。​「化粧品」は、使い方が同じでも 「医薬品医療機器等法」によって「化粧品」と「薬用化粧品」に分類されます。​

「化粧品」は肌の保湿や、清浄など、製品全体としてその効果が期待されています。​一方、「薬用化粧品」は化粧品としての期待効果に加えて、肌あれ・にきびを防ぐ、美白、デオドラントなどの効果を持つ「有効成分」が配合され、化粧品と医薬品の間に位置する「医薬部外品」に位置づけられています。​

「医薬部外品」は、厚生労働省が許可した効果・効能に有効な成分が一定の濃度で配合されており、​「治療」というよりは「防止・衛生」を目的に作られています。​​

以下のような表記・表現はできません​。
承認等外の効能効果を暗示・明示する表現​
医薬品ではないものに対し、「診断」「治療」「回復」「改善」「処置」等​、医学用語を用いた表現、また、疾病の治療効果、予防効果を暗示する表現​​
承認等外の効能効果、安全性の保証表現となる使用前後の写真
人体への効能効果に関わる「口コミ」「個人の感想」等を含む表現​
安全性や効能効果に対する絶対的な表現、最大級表現やこれに類似する表現​、または他よりも優位に立つことを意味する表現
医療関係者や、研究者、一般人の認識に影響を与える団体等の推薦​表現
不安感を煽る表現、与える表現​
症状や患部の直接的な画像、表現​
バイブル商法と考えられる表現​
薬用化粧品（医薬部外品）、化粧品 薬用化粧品（医薬部外品）、化粧品
医薬品的な効能効果とは？
疾病の治療または予防を目的とする
身体の組織機能の一般的増強、増進を目的とする効能効果
化粧品の種類
区分	商品の例	効能効果として広告する
ことができる事項
薬用化粧品
ひげそり用剤
薬用石けん
薬用化粧水
化粧品のうち「薬用」とつくもの全般
薬用化粧品
表を拡大する

医薬部外品
デオドラント用品
育毛剤
除毛クリーム
うがい薬
薬用入浴剤
薬用歯みがき剤
医薬部外品
表を拡大する

一般化粧品
化粧水
クリーム
シャンプー
まつ毛用化粧品（まつ毛美容液など）
ファンデーションなどメーキャップ化粧品全般
一般化粧品
表を拡大する

化粧品でよくあるNGポイント
効能効果を逸脱している表現​　例：シミ、シワの治癒、たるみへの言及 など​
不快と感じる表現​　例：シミ、シワ、ニキビなどの症状へのアップ写真​
効果保証の印象を与える表現　例：ビフォーアフター画像、成分+No1表現、「国から認められた」表現
医療と同等の効果を想起させる表現​
特許取得への言及　例：特許を取得している○○成分配合​
年齢にかかる表現
安全性の過度な強調
根拠のないデータの記載
NG表現	事例
効能効果を逸脱、
効果保証の印象を与える表現​	「シワが消える」という記載	効果効能を逸脱、効果保証の印象を与える表現​01
ビフォーアフターでシワが消えている様子を表現	効果効能を逸脱、効果保証の印象を与える表現​02
医療関係者（医師、歯科医師、看護師など）の推奨、説明、使用と捉えられるおそれがある表現	「皮膚科スタッフも推奨」という記載	>医療関係者（医師、歯科医師、看護師など）の推奨、説明、使用と捉えられるおそれがある表現01
医師の推奨	>医療関係者（医師、歯科医師、看護師など）の推奨、説明、使用と捉えられるおそれがある表現​02
クリニック・医療と同等の効果を暗示する表現​	>医療関係者（医師、歯科医師、看護師など）の推奨、説明、使用と捉えられるおそれがある表現​02
臨床データや実験、特許などの表現	>医療関係者（医師、歯科医師、看護師など）の推奨、説明、使用と捉えられるおそれがある表現​02
根拠のないNo.1などの最大級表現​​	>医療関係者（医師、歯科医師、看護師など）の推奨、説明、使用と捉えられるおそれがある表現​02
調査結果など根拠がない数値の記載	>医療関係者（医師、歯科医師、看護師など）の推奨、説明、使用と捉えられるおそれがある表現​02
不快と感じる表現​	シミやしわ、毛穴などのアップ画像
不快と感じる表現​01
不快と感じる表現​02
シャンプーなどでよくあるNGポイント
効能効果を逸脱している表現​　例：毛根への成分浸透、髪の修復効果 など　※補修はOK
効果保証の印象を与える表現​　例：ビフォーアフター画像、成分+No1表現、国から認められた など​​​
不快と感じる表現​　例：頭頂部、生え際、薄毛へのアップ写真 など​​​
矯正縮毛と同等の効果を想起させる表現
特許取得への言及　例：特許を取得している○○成分配合​​​
年齢にかかる表現　例：「若見え」「老け見え」 など​​
安全性の過度な強調　例：「100%無添加」「100%ピュア」など​​
口コミで「絶対効果があるので試した方がいい！！」​といった表現​​​
NG表現	事例
効能効果を逸脱している表現​	髪の修復効果の表現
効能効果を逸脱している表現
効能効果を逸脱している表現
育毛剤などでよくあるNGポイント
効能効果を逸脱している表現　例：毛根への成分浸透、発毛効果 など​
効果保証の印象を与える表現　例：過度なビフォーアフター画像、成分+No1表現、など​
不快と感じる表現　例：頭頂部、生え際、薄毛へのアップ写真 など​​
特許取得への言及　例：特許を取得している○○成分配合​
年齢にかかる表現　例：「若見え」「老け見え」 など​
安全性の過度な強調　例：「100%無添加」「100%ピュア」など​
口コミで「絶対効果があるので試した方がいい！！」といった表現​​
NG表現	事例
不快に感じるおそれのある表現
効能効果を逸脱している表現
効能効果を逸脱している表現
除毛剤などでよくあるNGポイント
効能効果を逸脱している表現​　例：毛根への成分浸透、脱毛効果、抑毛効果 など​​
効果保証の印象を与える表現​　例：過度なビフォーアフター画像、成分+No1表現、など​
他社商品の誹謗​　例：カミソリ負け、○○だと痛い、○○よりキレイに処理 など
不快と感じる表現　例：剛毛、毛を溶かしている途中の写真 など​
特許取得への言及　例：特許を取得している○○成分配合​
年齢にかかる表現　例：「若見え」「老け見え」 など​
安全性の過度な強調　例：「100%無添加」「100%ピュア」など​​​
口コミで「絶対効果があるので試した方がいい！！」​といった表現​
NG表現	事例
効能効果の逸脱	効能効果の逸脱
不快に感じるおそれのある表現	不快に感じるおそれのある表現
オーラルケア・デオドラント用品などでよくあるNGポイント
効能効果を逸脱している表現​　例：ニオイを元から断ち切る など​
効果保証の印象を与える表現​　例：成分+No1表現、国から認められた など​
不快と感じる表現　例：歯の黄ばみ、口臭、体臭 など​
特許取得への言及　例：特許を取得している○○成分配合​
医療と同等の効果を想起させる表現​　例：歯医者も施術で使用​​​
コンプレックスの煽り　例：ニオイのせいで虐められた など​
安全性の過度な強調　例：「100%無添加」「100%ピュア」など​
NG表現	事例
効能効果の逸脱、暗示
効能効果の逸脱
効能効果の逸脱",0,,line
291,広告掲載にあたって規制・基準があるもの,食品・健康食品,"口から摂取される物は医薬品等と食品のどちらかに該当します。このうち、「医薬品等に該当しないもの」のみが食品となります。​健康食品はあくまでも食品のため病気の治療を目的としてはいけません。​一般に健康食品とは「健康の保持増進に資する食品全般」が、またサプリメントは「特定成分が凝縮された錠剤やカプセル形状の製品」が、それぞれ該当すると考えられています。

しかし明確な定義がないため、一般の消費者が認識している健康食品やサプリメントは、通常の食材から、菓子や飲料、医薬品と類似した錠剤・カプセルまで極めて多岐にわたります。​​

国の制度としては、国が定めた安全性や有効性に関する基準等を満たした「保健機能食品制度」があります。​

健康食品で最も配慮されていることは「医薬品との違い」です。​私たちが口から摂取するもののうち、医薬品（医薬部外品を含めて）以外のものはすべて食品に該当し、食品に対して医薬品のような身体の構造や機能に影響する表示をすることは原則として認められていません。​医薬品と誤認されるような効能効果を表示・広告することは医薬品医療機器等法違反となる恐れがあるため掲載できません。

ただし、特定保健用食品、機能性表示食品、栄養機能食品については、例外的に限られた範囲で、特定の保健機能や栄養機能を表示することが認められています。​その特定保健用食品であっても、特定保健用食品である旨を明示するとともに、病気の治療・予防を目的とすることはできず、栄養補給や健康の維持など一般的な食品の範囲の目的しか持たせることができません。

食品・健康食品
保健機能食品の種類​
保健機能食品の種類​
よくあるNG例ポイント
いわゆる健康食品で標榜できる表現の逸脱　例：痩身効果、特定の部位への言及 など​
置き換え食品で標榜できる表現の逸脱　例：過度な痩身効果、特定の部位への言及 など​
機能性表示食品などの効能効果逸脱　例：認められている効果外への言及 など
効果保証の印象を与える表現​　例：ビフォーアフター画像、成分+No1表現、国から認められた など​
病気の予防や治癒を想起させる表現　例：摂取する事で病気が治る / かかりにくくなる​
不快と感じる表現　例：お腹周りなどにフォーカスした写真 など
NG表現	事例
安全性の過度な強調　例：「100%無添加」「100%ピュア」など​口コミ​
「絶対効果があるので試した方がいい！！」といった表現
免疫力を高める成分が配合​
△△がたっぷり配合されているからダイエットにおススメ​
××の成分が脂肪を燃焼し、肌の新陳代謝を促す​​
病気を予防したいあなたへ​
食べても太らない痩せ体質に​​
体内環境を整えて痩せやすい体質を作る
よくあるNGポイント
よくあるNGポイント
詳しくは以下をご確認ください。
医薬品的な効能効果について（東京都福祉医療局）
インターネット、新聞などの記事風広告について（東京都福祉医療局）​
「特定保健用食品」適正広告自主基準（公益財団法人 日本健康・栄養食品協会）",0,"医薬品的な効能効果について
医薬品的な効能効果について
いわゆる健康食品には、医薬品と誤認されるような効能効果を表示・広告することはできません。

いわゆる健康食品は、医薬品と違い、病気の治療・予防を目的とするものではありません。病気の治療や予防に役立つことを説明したりほのめかしたりする表示や広告を行っている製品は、「医薬品」と判断します。外国語で記載されていても取り扱いは同じです。疾病の治療や予防効果の表示・広告は、医薬品としての承認を取得して初めて可能になるものなのです。いわゆる健康食品には、栄養補給や健康の維持など一般的な食品の範囲の目的しか持たせることができません。

ただし、特定保健用食品・栄養機能食品に認められている効能効果は、医薬品的とはみなしません。
また、医薬品医療機器等法上問題のない表現であっても、食品の説明として適切かどうかなど、食品表示法、食品衛生法、健康増進法、景品表示法の視点からも確認してください。

規制の対象となる表示・広告方法
1．製品の容器､包装、添付文書などの表示物
2．製品のチラシ、パンフレット等
3．テレビ、ラジオ、新聞、雑誌、インターネットなどによる製品の広告
4．小冊子、書籍
5．会員誌、情報誌
6．新聞、雑誌などの切り抜き、書籍や学術論文等の抜粋
7．代理店、販売店に教育用と称して配布される商品説明（関連）資料
8．使用経験者の感謝文、体験談集
9．店内および車内等におけるつり広告
10．店頭、訪問先、説明会、相談会、キャッチセールス等においてスライド、ビデオ等又は口頭で行われる演述等
11．その他特定商品の販売に関連して利用される前記に準ずるもの

4ないし10については、特定商品名が示されていなくても、これらを販売活動のなかで特定商品に結び付けて利用している場合には、規制対象となります。
また、10に示されているように、口頭での説明も規制の対象となりますので十分ご注意ください。

病気の治療又は予防を目的とする表現は医薬品的な効能効果に該当します。
医薬品的な表現例
「ガンに効く」
「高血圧の改善」
「生活習慣病の予防」
「動脈硬化を防ぐ」
「緑内障の治療に」
など

体の機能の一般的増強、増進を目的とする表現は医薬品的な効能効果に該当します。
医薬品的な表現例
「疲労回復」
「体力増強」
「精力回復」
「老化防止」
「学力向上」
「新陳代謝を高める」
「血液を浄化する」
「風邪を引きにくい体にする」
「肝機能向上」
「細胞の活性化」
など

「栄養補給」という表現自体は医薬品的な効能効果に該当しませんが、前後関係によっては不適切と判断します。
表現の例と解説
医薬品的な表現例	解説	医薬品的ではない表現例
 	病的な健康状態に関係のない対象年齢等は可	働き盛りの方の栄養補給に
 	病的な健康状態に関係のない対象年齢等は可	発育時の栄養補給に
病中病後の体力低下時の栄養補給に	病的な栄養成分の欠乏状態である。
～～（栄養成分）は、体内で動脈硬化の防止に役立っています。	栄養機能食品で認められた成分・表現をこえる。
「健康維持」、「美容」の表現自体は医薬品的な効能効果に該当しません。
表現の解説と医薬品的ではない例
解説	医薬品的ではない表現例
単に健康維持に重要であることを説明しているのみ	～～（栄養成分）は健康維持に役立つ成分です。
単に健康維持に重要であることを説明しているのみ	健康維持、美容のためにお召し上がりください。
「健康増進」の表現は、身体諸機能の向上を暗示しているといえますが、「食品」である旨が明示されているなど「医薬品」と誤認されることがない場合には、医薬品的な効能効果とは判断しません。
はっきりと特定疾病の治療や予防に効果があると書かない場合でも次の例に示すような表現は、医薬品的な効能効果に該当します。
該当する表現例とその解説
例	医薬品的な表現例	解説
名称等	漢方秘法	名称により医薬品的効果を暗示
体質改善	名称により医薬品的効果を暗示
製法・由来・起源等	血液をサラサラにすると言われている～～を主原料にしています。	含有成分の説明により医薬品的効果を暗示
漢方薬の原料にもなっている～～を原料とし・・・	原料の由来・製法の説明により医薬品的効果を暗示
中国で古くから肝臓の薬として愛飲されてきた～～は・・・	原料の由来から医薬品的効果を暗示
学説	～～（原料名）は、日本○○学会でガンに効果があるということが発表されました。	成分に関する学説から医薬品的効果を暗示
使用対象者	便秘気味の方に	病的症状の方を使用対象者とすることにより医薬品的効果を暗示
心臓の弱い方に	病的症状の方を使用対象者とすることにより医薬品的効果を暗示
好転反応	摂取後、一時的に下痢や吹き出物などの反応が出ることがありますが、体内浄化のための初期症状ですのでそのまま摂取を続けてください。	医薬品的効果の暗示、健康被害発生につながる恐れがある
ききめ・効果	食品なので医薬品のような速効性はありませんが、じわじわと効果があらわれます。	「効果」の表現により医薬品的効果の暗示
薬効が認められるお茶ですが、食品ですので効能効果は説明できません。神農本草経や広辞苑などでお調べください。	「薬」の表現などにより医薬品的効果の暗示
通知本文の抜粋
2　医薬品的な効能効果の解釈
その物の容器、包装、添付文書並びにチラシ、パンフレット、刊行物インターネット等の広告宣伝物あるいは演述によって、次のような効能効果が表示説明されている場合は、医薬品的な効能効果を標ぼうしているものとみなす。また、名称、含有成分、製法、起源等の記載説明においてこれと同様な効能効果を標ぼうし又は暗示するものも同様とする。
なお、食品衛生法施行規則（昭和23年厚生省令第23号）第21条第1項第1号シの規定に基づき、厚生労働大臣が定める基準に従い、栄養成分の機能の表示等をする栄養機能食品（以下「栄養機能食品」という。）にあっては、その表示等を医薬品的な効能効果と判断しないこととして差し支えない。
（一）疾病の治療又は予防を目的とする効能効果
(例) 糖尿病、高血圧、動脈硬化の人に、胃・十二指腸潰瘍の予防、肝障害・腎障害をなおす、ガンがよくなる、眼病の人のために、便秘がなおる等
（二）身体の組織機能の一般的増強、増進を主たる目的とする効能効果
ただし、栄養補給、健康維持等に関する表現はこの限りでない。
（例）疲労回復、強精（強性）強壮、体力増強、食欲増進、老化防止、勉学能力を高める、回春、若返り、精力をつける、新陳代謝を盛んにする、内分泌機能を盛んにする、解毒機能を高める、心臓の働きを高める、血液を浄化する、病気に対する自然治癒能力が増す、胃腸の消化吸収を増す、健胃整腸、病中・病後に、成長促進等
（三）医薬品的な効能効果の暗示
（a）名称又はキャッチフレーズよりみて暗示するもの
（例）延命○○、○○の精（不死源）、○○の精（不老源）、薬○○、不老長寿、百寿の精、漢方秘法、皇漢処方、和漢伝方等
（b）含有成分の表示及び説明よりみて暗示するもの
（例）体質改善、健胃整腸で知られる○○○○を原料とし、これに有用成分を添加、相乗効果をもつ等
（c）製法の説明よりみて暗示するもの
（例）本邦の深山高原に自生する植物○○○○を主剤に、△△△、×××等の薬草を独特の製造法（製法特許出願）によって調製したものである。等
（d）起源、由来等の説明よりみて暗示するもの
（例）○○○という古い自然科学書をみると胃を開き、欝（うつ）を散じ、消化を助け、虫を殺し、痰なども無くなるとある。こうした経験が昔から伝えられたが故に食膳に必ず備えられたものである。等
（e）新聞、雑誌等の記事、医師、学者等の談話、学説、経験談などを引用又は掲載することにより暗示するもの
（例）医学博士○○○○の談
「昔から赤飯に○○○をかけて食べると癌にかからぬといわれている。………癌細胞の脂質代謝異常ひいては糖質、蛋白代謝異常と○○○が結びつきはしないかと考えられる。」等
キュレーションサイトでの記事風広告
注釈：以下のような画面構成・内容の広告は医薬品医療機器等法に違反する可能性があります。
以下は、様々な記事をまとめるキュレーションと呼ばれるサイトを想定しています。


解説
キュレーションサイトでの記事風広告
特定の成分の効果などを紹介した一般論のサイトと、意図的に当該成分を含有する製品の広告を一つのサイトにまとめた場合、当該情報を含んだ一つの広告とみなされることがあります。

特定製品の広告そのものは医薬品医療機器等法を遵守していても、閲覧者に誤認をまねくおそれがあります。注意してください。

内容
一般論の内容：「△△乳酸菌の免疫力向上効果」
製品広告の内容：「△△乳酸菌を配合した▲▲▲」
注釈：上記のような場合、△△乳酸菌を配合した▲▲▲に、免疫力向上効果があるかのような誤認を与えるおそれがあります。健康食品では「免疫力向上」等の効能効果を標ぼうできないため、当該広告は医薬品医療機器等法に違反する可能性があります。

新聞での記事風広告
注釈：以下のような紙面構成・内容の広告は医薬品医療機器等法に違反する可能性があります。

以下は、新聞紙面を想定しています。

広告例
○○新聞　2001年（平成13年）1月1日（月曜日）

新年明けましておめでとうございます。 新しい年を、心身共に健康で過ごしたいというのが、皆様の願いではないでしょうか。
特に、スキンケアに心を配っている方も多いと思います。
最近、化粧品等スキンケア商品に配合されることの多い植物エキス○○○は、お肌のシミの解消に効果があることが、最近の研究で明らかになってきました。シミ、ソバカスの予防のみならず、できてしまったシミにも効果があるといわれています。長年の悩みを解消し、素晴らしい1年となりますよう、心から願っております。
企画：○×新聞情報部

△△クリ－ム
・・・・・・・・・・・・・・・・・・・
・・・・・・・・・・・・・・・・・・・
・・・・・・・・・・・・・・・・・・・
・・・・・・・・・・・・・・・・・・・
植物エキス○○○（保湿成分）配合

ご購入方法
・・・・・・・・・・・・・・・・・・
お問い合わせ
株式会社○○○
電話　03-○○○○-1234

解説
いわゆる記事風広告について
特定の成分の効果などを紹介した情報欄の、極めて近い部分に意図的に当該成分を含有する製品の広告を行った場合、当該情報を含んだ一つの広告とみなされることがあります。

特定製品の広告そのものは医薬品医療機器等法を遵守していても、情報欄等の内容如何によっては、消費者に誤認をまねくおそれがあります。注意して下さい。

医薬品医療機器等法に違反する可能性がある例
1　情報欄と広告の区別がまぎらわしい紙面構成

1面を上下段に分割し、上段に「一般情報」、下段に「製品広告」を掲載する。
見開きで左面に「一般情報」、右面に「製品広告」を掲載する。
2　内容

情報欄の内容：「長年の、研究成果により、ローヤルゼリ－中に含まれる△△成分には、抗ガン作用があることがわかりました。」
製品広告の内容：「製品A（いわゆる健康食品）はローヤルゼリーを使用していいます。」
注釈：上記のような場合、ロ－ヤルゼリ－を使用した製品Aに、抗ガン作用があるかのような誤認を与えるおそれがあります。いわゆる健康食品は「抗ガン作用」等の効能効果を標ぼうできないため、当該広告は医薬品医療機器等法に違反する可能性があります。",line
292,広告掲載にあたって規制・基準があるもの,医薬品・医療機器,"「医薬品」とは、病気の「治療」を目的とした薬のことで、厚生労働省より配合されている有効成分の効果が認められたものです。​医薬品には「医療用医薬品」と「一般用医薬品」があります。​

医療用医薬品は原則として、医師の診断によって処方される薬で、処方箋がなければ受けとることができません。
一方、一般用医薬品は処方箋がなくても、薬局・ドラッグストアなどで薬剤師等のアドバイスのもと自らの判断で選んで購入できます。

一般用医薬品は、副作用や薬の飲み合わせなどのリスクの程度に応じて、第1～3類に分類されます。第1～3類医薬品に該当する一般用医薬品を販売するサイト等へ誘導する場合は、医薬品医療機器等法の定めに従って、サイト内に店舗の名称、勤務中の薬剤師・登録販売者の氏名、許可証の内容、営業時間を含めた連絡先等、適切な表示を行ってください。​また、医薬品の口コミ、レビューの表示、購入履歴に基づいた特定の医薬品のレコメンド等を行うことがないようにしてください。

医薬品、医療機器
医薬品の種類
区分	内容	一般向け広告可否	ネット販売可否
医薬品	薬局医薬品	医療用医薬品	医師若しくは歯科医師によって使用され又はこれらの者の処方せん若しくは指示によって使用されることを目的として供給される医薬品	✕	✕
薬局製造販売医薬品	薬局の設備・器具を用いて製造し、薬局で直接消費者に販売・投与する医薬品	○	○
一般医薬品	要指導医薬品	販売・購入の際に処方せんは不要であるが、薬剤師が対面で情報提供や指導などをすることが義務付けられている医薬品	○	✕
一般用医薬品	第１類医薬品	副作用、相互作用などの項目で安全性上、特に注意を要する医薬品	○	○
第２類医薬品	副作用、相互作用などの項目で安全性上、注意を要する医薬品	○	○
第３類医薬品	副作用、相互作用などの項目で、第1類医薬品や第2類医薬品に相当するもの以外の一般用医薬品	○	○
医療機器は、構造、使用方法、効果又は性能が明確に示されるものであって、「疾病の診断、治療、予防に使用されること」又は「身体の構造、機能に影響を及ぼすこと」のどちらかの目的に該当し、政令で定めるものとなっています。​

医療機器には様々な種類のものがあり、使用における安全上のリスクや目的や用途などの種別により、高度管理医療機器、管理医療機器、一般医療機器に分類されています。​​

医療機器の分類
クラス区分	リスク	例
クラスI
一般医療機器	不具合が生じた場合でも人体へのリスクが極めて低いと考えられるもの	医療用メス
医療用はさみ
クラスⅡ
管理医療機器	不具合が生じた場合でも、人体へのリスクが比較的低いと考えられるもの	血圧計
電子体温計
クラスⅢ
高度管理医療機器	不具合が生じた場合、人体へのリスクが比較的高いと考えられるもの	コンタクトレンズ
カテーテル、人工透析器
クラスⅣ
高度管理医療機器	患者への侵襲度が高く、不具合が生じた場合、生命の危険に直結するおそれがあるもの	人工呼吸器
ペースメーカー
医療機器の具体的な商品例
コンタクトレンズ
体温計
補聴器
着圧ソックス
以下のような表記・表現での訴求はできません。
承認等外の効能効果を暗示・明示する表現
医薬品ではないものに対し、「診断」「治療」「回復」「改善」「処置」等、医学用語を用いた表現、また、疾病の治療効果、予防効果を暗示する表現
承認等外の効能効果、安全性の保証表現となる使用前後の写真
人体への効能効果に関わる「口コミ」「個人の感想」等を含む表現
安全性や効能効果に対する絶対的な表現、最大級表現やこれに類似する表現、または他よりも優位に立つことを意味する​表現
医療関係者や、研究者、一般人の認識に影響を与える団体等の推薦​表現
不安感を煽る表現、与える表現
症状や患部の直接的な画像、表現
バイブル商法と考えられる表現
※「業種・サービスごとの注意点」の「医療機器」「コンタクトレンズ」も併せてご参照ください。

詳しくは以下をご確認ください。
OTC医薬品の適正広告ガイドライン 2019年版（日本一般用医薬品連合会）
医薬品等適正広告基準（東京都福祉医療局）​
医薬品等の広告規制について（東京都福祉医療局）",0,,line
293,広告掲載にあたって規制・基準があるもの,医療機関,"医療は人の生命・身体に関わるため、不当な広告により誘引された場合の被害は他の分野に比べ著しく、患者等が広告内容を適切に理解して、適切に治療等を選択できるよう、客観的で正確な情報の伝達に努めなければならないと考えます。

著しく事実と異なる虚偽の情報を与えることにより、適切な受診機会を喪失したり、不適切な医療を受けるおそれがあるため、以下のような広告は掲載できません。

虚偽広告
比較優良広告
誇大広告
公序良俗に反する内容の広告
患者その他の者の主観又は伝聞に基づく、治療等の内容又は効果に関する体験談の広告
治療等の内容又は効果について、患者等を誤認させるおそれがある治療等の前又は後の写真等の広告
また、品位を損ねる内容の広告等、医療広告としてふさわしくないものについても掲載できません。

医療機関
広告可能な事項
以下の広告が可能とされた事項以外は掲載できません。

※以下 医療広告ガイドラインより抜粋
医師又は歯科医師である旨
診療科名
病院又は診療所の名称、電話番号及び所在の場所を表示する事項並びに病院又は診療所の管理者の氏名
診療日若しくは診療時間又は予約による診療の実施の有無
法令の規定に基づき一定の医療を担うものとして指定を受けた病院若しくは診療所又は医師若しくは歯科医師である場合には、その旨
第５条の２第１項の認定を受けた医師（医師少数区域経験認定医師）である場合には、その旨（第６号関係）
地域医療連携推進法人（第 70 条の５第１項に規定する地域医療連携推進法人をいう。第 30 条の４第 10 項において同じ。）の参加病院等（第 70 条の２第２項第２号に規定する参加病院等をいう。）である場合には、その旨（第７号関係）
入院設備の有無、第７条第２項に規定する病床の種別ごとの数、医師、歯科医師、薬剤師、看護師その他の従業者の員数その他の当該病院又は診療所における施設、設備又は従業者に関する事項（第８号関係）
当該病院又は診療所において診療に従事する医師、歯科医師、薬剤師、看護師その他の医療従事者の氏名、年齢、性別、役職、略歴その他のこれらの者に関する事項であつて医療を受ける者による医療に関する適切な選択に資するものとして厚生労働大臣が定めるもの
患者又はその家族からの医療に関する相談に応ずるための措置、医療の安全を確保するための措置、個人情報の適正な取扱いを確保するための措置その他の当該病院又は診療所の管理又は運営に関する事項（第 10 号関係）
紹介をすることができる他の病院若しくは診療所又はその他の保健医療サービス若しくは福祉サービスを提供する者の名称、これらの者と当該病院又は診療所との間における施設、設備又は器具の共同利用の状況その他の当該病院又は診療所と保健医療サービス又は福祉サービスを提供する者との連携に関する事項（第 11 号関係）
診療録その他の診療に関する諸記録に係る情報の提供、第６条の４第３項に規定する書面の交付その他の当該病院又は診療所における医療に関する情報の提供に関する事項（第 12 号関係）
当該病院又は診療所において提供される医療の内容に関する事項（検査、手術その他の治療の方法については、医療を受ける者による医療に関する適切な選択に資するものとして厚生労働大臣が定めるものに限る。）（第 13 号関係）
当該病院又は診療所における患者の平均的な入院日数、平均的な外来患者又は入院患者の数その他の医療の提供の結果に関する事項であつて医療を受ける者による医療に関する適切な選択に資するものとして厚生労働大臣が定めるもの（第 14 号関係）
その他前各号に掲げる事項に準ずるものとして厚生労働大臣が定める事項（第 15 号関係）
広告可能事項の限定解除の具体的な要件
以下の（1）～（4）のいずれも満たしている場合は、医療広告ガイドラインを遵守しているで掲載可能となる場合があります。 ただし、（3）及び（4）については自由診療について情報を提供する場合に限ります。

医療に関する適切な選択に資する情報であって患者等が自ら求めて入手する情報を表示するウェブサイトその他これに準じる広告であること
表示される情報の内容について、患者等が容易に照会ができるよう、問い合わせ先を記載することその他の方法により明示すること
自由診療に係る通常必要とされる治療等の内容、費用等に関する事項について情報を提供すること
自由診療に係る治療等に係る主なリスク、副作用等に関する事項について情報を提供すること
美容医療など自由診療の場合は公的医療保険が適用されない旨（例えば、「全額自己負担」、「保険証は使えません」、「自由診療」等）及び標準的な費用を併記する必要があります。

美容医療などでよくあるNGポイント
費用の記載がない​
自由診療である旨の記載がない​
リスクや副作用についての説明がない
NG表現	事例
費用の記載がない	費用の記載がない
自由診療である旨の記載がない	自由診療である旨の記載がない
詳しくは以下をご確認ください。
医業若しくは歯科医業又は病院若しくは診療所に関する広告等に関する指針（医療広告ガイドライン）",0,,line
294,広告掲載にあたって規制・基準があるもの,健康器具・美容関連器具,"健康器具や運動器具と呼ばれるトレーニングマシン、フィットネス用具、美容器具などは医療機器には該当しません。​医療機器として承認を得られていない健康器具、美容器具については、医療機器と誤認されるような効能効果を表示・広告することは医薬品医療機器等法違反となる恐れがあるため掲載できません。

健康器具、美容関連器具（雑貨）
具体的な商品例
美顔器
光美容器
マッサージ機
補正下着
筋肉運動補助器具（EMS付き健康器具等）
マスク
健康・美容器具などでよくあるNGポイント
効能効果を逸脱している表現​　例：エステ（永久脱毛）、おうち用光美容器（脱毛）、ナイトブラ（育乳効果） など​
他社商品の誹謗​
優良誤認を与える表現​　例：他のサービスと比較して○○、自社が優れている比較表 など​​​
過度なコンプレックスをあおるような表現
例）

超音波機能によりお腹や二の腕などについた余分な脂肪を分解​
気になる部分のシェイプアップに効果的
マイナスイオンの力で肌の汚れを除去する​​​
脂肪燃焼、骨盤矯正、体内循環、老廃物排出​​
足の血液循環を促進、リンパ液の流れを促進、老廃物除去の効率を促進​​
むくみ防止
下半身痩身レギンス
食事制限しても脚だけはなかなか痩せない方におススメ
慢性的なむくみやセルライトが気になる
骨盤をしっかり矯正してくれるおかげで体のラインに変化が
詳しくは以下をご確認ください。
雑貨等の広告について（薬事該当性）（東京都福祉保健局）
医薬品等の広告規制について（厚生労働省）
詳しい内容や事例は以下をご確認ください
【LINE広告】審査の注意点│健康食品、化粧品、医薬品、医薬部外品、医療機器
【LINE広告】遷移先LPの審査注意点｜化粧品、薬用化粧品、医薬品、医薬部外品、食品",0,"本ページは、医薬品、医療機器等の品質、有効性及び安全性の確保等に関する法律（以下「医薬品医療機器等法」という。）における医薬品等の広告規制について紹介するものです。
医薬品、医薬部外品、化粧品、医療機器又は再生医療等製品の広告が適正を欠いた場合には、国民の保健衛生上、大きな影響を与えるおそれがあるため、 次のとおり医薬品医療機器等法により規制されています。

1．関係法令
医薬品、医療機器等の品質、有効性及び安全性の確保等に関する法律（昭和35年法律第145号）　抜粋

（誇大広告等）
第六十六条　何人も、医薬品、医薬部外品、化粧品、医療機器又は再生医療等製品の名称、製造方法、効能、効果又は性能に関して、明示的であると暗示的であるとを問わず、虚偽又は誇大な記事を広告し、記述し、又は流布してはならない。

２　医薬品、医薬部外品、化粧品、医療機器又は再生医療等製品の効能、効果又は性能について、医師その他の者がこれを保証したものと誤解されるおそれがある記事を広告し、記述し、又は流布することは、前項に該当するものとする。
３　何人も、医薬品、医薬部外品、化粧品、医療機器又は再生医療等製品に関して堕胎を暗示し、又はわいせつにわたる文書又は図画を用いてはならない。
（特定疾病用の医薬品及び再生医療等製品の広告の制限）
第六十七条　政令で定めるがんその他の特殊疾病に使用されることが目的とされている医薬品又は再生医療等製品であつて、医師又は歯科医師の指導の下に使用されるのでなければ危害を生ずるおそれが特に大きいものについては、厚生労働省令で、医薬品又は再生医療等製品を指定し、その医薬品又は再生医療等製品に関する広告につき、医薬関係者以外の一般人を対象とする広告方法を制限する等、当該医薬品又は再生医療等製品の適正な使用の確保のために必要な措置を定めることができる。

２　厚生労働大臣は、前項に規定する特殊疾病を定める政令について、その制定又は改廃に関する閣議を求めるには、あらかじめ、薬事・食品衛生審議会の意見を聴かなければならない。ただし、薬事・食品衛生審議会が軽微な事項と認めるものについては、この限りでない。
（承認前の医薬品、医療機器及び再生医療等製品の広告の禁止）
第六十八条　何人も、第十四条第一項、第二十三条の二の五第一項若しくは第二十三条の二の二十三第一項に規定する医薬品若しくは医療機器又は再生医療等製品であつて、まだ第十四条第一項、第十九条の二第一項、第二十三条の二の五第一項、第二十三の二の十七第一項、第二十三条の二十五第一項若しくは第二十三条の三十七第一項の承認又は第二十三条の二の二十三第一項の認証を受けていないものについて、その名称、製造方法、効能、効果又は性能に関する広告をしてはならない。

（違反広告に係る措置命令等）
第七十二条の五　厚生労働大臣又は都道府県知事は、第六十六条第一項又は第六十八条の規定に違反した者に対して、その行為の中止、その行為が再び行われることを防止するために必要な事項又はこれらの実施に関連する公示その他公衆衛生上の危険の発生を防止するに足りる措置をとるべきことを命ずることができる。

　一　当該違反行為をした者
　二　当該違反行為をした者が法人である場合において、当該法人が合併により消滅したときにおける合併後存続し、又は合併により設立された法人
　三　当該違反行為をした者が法人である場合において、当該法人から分割により当該違反行為に係る事業の全部又は一部を承継した法人
　四　当該違反行為をした者から当該違反行為に係る事業の全部又は一部を譲り受けた者

２　厚生労働大臣又は都道府県知事は、第六十六条第一項又は第六十八条の規定に違反する広告（次条において「特定違法広告」という。）である特定電気通信（特定電気通信役務提供者の損害賠償責任の制限及び発信者情報の開示に関する法律（平成十三年法律第百三十七号）第二条第一号に規定する特定電気通信をいう。以下同じ。）による情報の送信があるときは、特定電気通信役務提供者（同法第二条第三号に規定する特定電気通信役務提供者をいう。以下同じ。）に対して、当該送信を防止する措置を講ずることを要請することができる。
（課徴金納付命令）
第七十五条の五の二　第六十六条第一項の規定に違反する行為（以下「課徴金対象行為」という。）をした者（以下「課徴金対象行為者」という。）があるときは、厚生労働大臣は、当該課徴金対象行為者に対し、課徴金対象期間に取引をした課徴金対象行為に係る医薬品等の対価の額の合計額（次条及び第七十五条の五の五第八項において「対価合計額」という。）に百分の四・五を乗じて得た額に相当する額の課徴金を国庫に納付することを命じなければならない。

２　前項に規定する「課徴金対象期間」とは、課徴金対象行為をした期間（課徴金対象行為をやめた後そのやめた日から六月を経過する日 （同日前に、課徴金対象行為者が、当該課徴金対象行為により当該医薬品等の名称、製造方法、効能、効果又は性能に関して誤解を生ずるおそれを解消するための措置として厚生労働省令で定める措置をとつたときは、その日）までの間に課徴金対象行為者が当該課徴金対象行為に係る医薬品等の取引をしたときは、当該課徴金対象行為をやめてから最後に当該取引をした日までの期間を加えた期間とし、当該期間が三年を超えるときは、当該期間の末日から遡つて三年間とする。）をいう。
３　第一項の規定にかかわらず、厚生労働大臣は、次に掲げる場合には、課徴金対象行為者に対して同項の課徴金を納付することを命じないことができる。
　一　第七十二条の四第一項又は第七十二条の五第一項の命令をする場合（保健衛生上の危害の発生又は拡大に与える影響が軽微であると認められる場合に限る。）
　二　第七十五条第一項又は第七十五条の二第一項の処分をする場合
４　第一項の規定により計算した課徴金の額が二百二十五万円未満であるときは、課徴金の納付を命ずることができない。
（不当景品類及び不当表示防止法の課徴金納付命令がある場合等における課徴金の額の減額）
第七十五条の五の三　前条第一項の場合において、厚生労働大臣は、当該課徴金対象行為について、当該課徴金対象行為者に対し、不当景品類及び不当表示防止法（昭和三十七年法律第百三十四号）第八条第一項の規定による命令があるとき、又は同法第十一条の規定により課徴金の納付を命じないものとされるときは、対価合計額に百分の三を乗じて得た額を当該課徴金の額から減額するものとする。

（課徴金対象行為に該当する事実の報告による課徴金の額の減額）
第七十五条の五の四　第七十五条の五の二第一項又は前条の場合において、厚生労働大臣は、課徴金対象行為者が課徴金対象行為に該当する事実を厚生労働省令で定めるところにより厚生労働大臣に報告したときは、同項又は同条の規定により計算した課徴金の額に百分の五十を乗じて得た額を当該課徴金の額から減額するものとする。ただし、その報告が、当該課徴金対象行為についての調査があつたことにより当該課徴金対象行為について同項の規定による命令（以下「課徴金納付命令」という。）があるべきことを予知してされたものであるときは、この限りでない。

（課徴金の納付義務等）
第七十五条の五の五　課徴金納付命令を受けた者は、第七十五条の五の二第一項、第七十五条の五の三又は前条の規定により計算した課徴金を納付しなければならない。
　（以下略）

第八十五条　次の各号のいずれかに該当する者は、二年以下の懲役若しくは二百万円以下の罰金に処し、又はこれを併科する。

　一から三まで　（略）
　四　第六十六条第一項又は第三項の規定に違反した者
　五　第六十八条の規定に違反した者
　六から十まで　（略）
第八十六条　次の各号のいずれかに該当する者は、一年以下の懲役若しくは百万円以下の罰金に処し、又はこれを併科する。

　一から十六まで　（略）
　十七　第六十七条の規定に基づく厚生労働省令の定める制限その他の措置に違反した者
　十八から二十七まで　（略）
第九十条　法人の代表者又は法人若しくは人の代理人、使用人その他の従業者が、その法人又は人の業務に関して、次の各号に掲げる規定の違反行為をしたときは、行為者を罰するほか、その法人に対して当該各号に定める罰金刑を、その人に対して各本条の罰金刑を科する。

　一　（略）
　二　第八十四条（第三号、第五号、第六号、第八号、第十三号、第十五号、第十八号から第二十一号まで及び第二十三号から第二十七号（第七十条第三項及び第七十六条の七第二項の規定に係る部分を除く。）までに係る部分を除く。）、第八十五条、第八十六条第一項、第八十六条の三第一項、第八十七条又は第八十八条　各本条の罰金刑
(解説)［PDF形式：88KB]別ウィンドウで開く




医薬品、医療機器等の品質、有効性及び安全性の確保等に関する法律施行令（昭和36年政令第11号）　抜粋

（医薬品等の広告）
第六十四条　法第六十七条第一項に規定する特殊疾病は、がん、肉腫しゆ及び白血病とする。



医薬品、医療機器等の品質、有効性及び安全性の確保等に関する法律施行規則（昭和36年厚生省令第1号）　抜粋

（医薬品等の広告）
第二百二十八条の十　法第六十七条第一項の規定により指定する医薬品又は再生医療等製品は、別表第五 ［Excel形式：51KB]別ウィンドウで開く のとおりとする。


２　前項に規定する医薬品又は再生医療等製品の令第六十四条に規定する特殊疾病に関する広告は、医事又は薬事に関する記事を掲載する医薬関係者向けの新聞又は雑誌による場合その他主として医薬関係者を対象として行う場合のほか、行つてはならない。


ページの先頭へ戻る

2．関係通知等
医薬品等適正広告基準の改正について(平成29年9月29日薬生発0929第4号厚生労働省医薬・生活衛生局長通知) ［PDF形式：131KB］別ウィンドウで開く
医薬品等適正広告基準の解説及び留意事項等について(平成29年9月29日薬生監麻発0929第5号厚生労働省医薬・生活衛生局監視指導・麻薬対策課長通知)［PDF形式：386KB]別ウィンドウで開く
薬事法における医薬品等の広告の該当性について(平成10年9月29日医薬監第148号厚生省医薬安全局監視指導課長通知)［PDF形式：95KB]別ウィンドウで開く
医療機器の広告について(平成22年8月17日薬食監麻発0817第1号厚生労働省医薬食品局監視指導・麻薬対策課長通知)［PDF形式：184KB]別ウィンドウで開く
インターネットによる医薬品等の広告の該当性に関する質疑応答集(Ｑ＆Ａ)について(平成26年5月22日薬食監麻発0522第9号厚生労働省医薬食品局監視指導・麻薬対策課監麻課長通知)［PDF形式：92KB]［91KB］別ウィンドウで開く
医療用医薬品の販売情報提供活動に関するガイドラインについて(平成30年9月25日薬生発0925第1号厚生労働省医薬・生活衛生局長通知)[PDF形式：202KB]［202KB］別ウィンドウで開く
医療用医薬品の販売情報提供活動に関するガイドライン（参考資料：社内体制図）[PDF形式：88KB]［88KB］別ウィンドウで開く
医療用医薬品の販売情報提供活動に関するガイドライン（参考資料：パブリックコメント回答）[PDF形式：159KB]［159KB］別ウィンドウで開く
医療用医薬品の販売情報提供活動に関するガイドラインに関するＱ＆Ａについて(平成31年2月20日厚生労働省医薬・生活衛生局監視指導・麻薬対策課事務連絡)[PDF形式：172KB]［172KB］別ウィンドウで開く
医療用医薬品の販売情報提供活動に関するガイドラインに関するＱ＆Ａについて（その２）(平成31年3月29日厚生労働省医薬・生活衛生局監視指導・麻薬対策課事務連絡)[PDF形式：141KB]［141KB］別ウィンドウで開く
医療用医薬品の販売情報提供活動に関するガイドラインに関するＱ＆Ａについて（その３）(令和元年9月6日厚生労働省医薬・生活衛生局監視指導・麻薬対策課事務連絡)[PDF形式：77KB]［77KB］別ウィンドウで開く
医療用医薬品の販売情報提供活動に関するガイドラインに関するＱ＆Ａについて（その４）(令和6年2月21日厚生労働省医薬局監視指導・麻薬対策課事務連絡)[PDF形式：188KB]［188KB］別ウィンドウで開く
医療用医薬品の販売情報提供活動に関するガイドラインに基づく社内体制の整備等に関する調査結果について(令和2年3月18日厚生労働省医薬・生活衛生局監視指導・麻薬対策課事務連絡)[PDF形式：1151KB]［1.2MB］別ウィンドウで開く
（情報提供の取扱い）

治験に係る被験者募集の情報提供の取扱いについて（平成19年7月27日厚生労働省医薬食品局監視指導・麻薬対策課事務連絡［PDF形式：61KB]別ウィンドウで開く
治験に係る情報提供の取扱いについて（令和５年１月24日厚生労働省医薬・生活衛生局監視指導・麻薬対策課長通知[PDF形式：123KB]［124KB］別ウィンドウで開く
ページの先頭へ戻る

3．販売情報提供活動監視事業（旧医療用医薬品の広告活動監視モニター事業）
事業名：
販売情報提供活動監視事業（旧医療用医薬品の広告活動監視モニター事業）
目的：
不適切な販売情報提供活動を早期に発見し、製薬企業及び医療関係者に広く公表し、警鐘とするとともに、必要に応じて、行政指導等の対応を図ることにより、企業による適正な広告活動を確保するための環境整備を図る。
事業概要：
ＭＲ、ＭＳＬ等による広告・宣伝活動を対象としたモニター調査及びモニター以外からの報告収集、並びに、医療関係者向けの専門誌・学会誌、製薬企業ホームページ、医療関係者向け情報サイトを対象とした記事体広告等に関する調査を実施。
平成28年度　概要[PDF形式：217KB]別ウィンドウで開く
平成28年度　報告書[PDF形式：1,875KB]別ウィンドウで開く
平成29年度　概要[PDF形式：234KB]別ウィンドウで開く
平成29年度　報告書[PDF形式：1,986KB]別ウィンドウで開く
平成30年度　概要[PDF形式：212KB]［212KB］別ウィンドウで開く
平成30年度　報告書[PDF形式：2,699KB]［2.6MB］別ウィンドウで開く
令和元年度　概要[PDF形式：600KB]［600KB］別ウィンドウで開く
令和元年度　報告書[PDF形式：1,724KB]［1.7MB］別ウィンドウで開く
令和２年度　概要[PDF形式：551KB]［552KB］別ウィンドウで開く
令和２年度　報告書[PDF形式：1,600KB]［1.6MB］別ウィンドウで開く
令和３年度　概要[PDF形式：552KB]［552KB］別ウィンドウで開く
令和３年度　報告書[PDF形式：2,670KB]　　［2.7MB］別ウィンドウで開く
令和４年度　概要[PDF形式：642KB]［642KB］別ウィンドウで開く
令和４年度　報告書[PDF形式：1,912KB]［1.9MB］別ウィンドウで開く
令和５年度　概要[PDF形式：320KB]［320KB］別ウィンドウで開く
令和５年度　報告書[PDF形式：1,503KB]［1.5MB］別ウィンドウで開く
報告受付窓口：
医療機関・薬局において、製薬企業による不適切な広告活動を確認された際は、以下のサイトより報告にご協力いただきますようお願いいたします。
　「医療関係者向け医療用医薬品の広告活動に関する情報窓口サイト」（事務局：三菱ＵＦＪリサーチ＆コンサルティング株式会社）
　　　URL：https://www.murc.jp/hanbaijohoteikyo/

関係通知：
・販売情報提供活動監視事業について(令和元年10月1日薬生監麻発1001第1号厚生労働省医薬・生活衛生局監視指導・麻薬対策課長通知)　[PDF形式：819KB]［819KB］別ウィンドウで開く

販売情報提供活動監視事業へのご協力のお願い：
・動画１（概要動画）／動画２（再現動画）／動画３（解説動画）
ページの先頭へ戻る

4．課徴金制度の導入
医薬品医療機器等法においては、令和元年１２月４日に公布された改正により、虚偽・誇大広告違反に対して課徴金制度を導入いたしましたので、当該制度に関する普及啓発の一環として関係資料を掲載いたします。

・課徴金制度の導入について[PDF形式：654KB]［654KB］別ウィンドウで開く

関係通知等：
・課徴金納付命令に係る対価合計額の算定の方法について（令和3年7月6日薬生監麻発0706第1号厚生労働省医薬・生活衛生局監視指導・麻薬対策課長）［129KB］別ウィンドウで開く
・課徴金納付命令に係る対価合計額の算定の方法に関するＱ＆Ａについて（令和3年7月6日厚生労働省医薬・生活衛生局監視指導・麻薬対策課事務連絡）［110KB］別ウィンドウで開く
ページの先頭へ戻る

5．その他(参考)
「インターネット上の違法な情報への対応に関するガイドライン」((社)電気通信事業協会、(社)テレコムサービス協会、(社)日本インターネットプロバイダー協会、(社)日本ケーブルテレビ連盟の4団体で構成する違法情報等対応連絡会で策定)について
民間プロバイダーがインターネット上に掲載される未承認医薬品、指定薬物などの違法広告を適切に判断し、情報の送信防止など自主的な対応を取るためのガイドラインhttp://www.telesa.or.jp/guideline/別ウィンドウで開くが作成されております。
各商材の分類と掲載できる広告内容
訴求する商材によって、広告に掲載できる内容は異なります。広告出稿を検討している商材が下記のどのカテゴリに該当するのかを把握し、可能な範疇で広告やLPの内容・表現を検討しましょう。

1. 化粧品
1-1.化粧品の分類と定義
種類	定義
一般化粧品	人の身体を清潔にし、美化し、魅力を増し、容貌を変え、又は皮膚若しくは毛髪をすこやかに保つために、身体に塗擦、散布その他これらに類似する方法で使用されることが目的とされている物で、人体に対する作用が緩和なもの
例）シャンプー、リンス、石けん、ファンデーション、クリーム、マニキュアなど
薬用化粧品
（医薬部外品）	薬用効果（予防等の効果）をもつと謳われる化粧品類似の製品
例）歯周病・虫歯予防の歯磨、口中清涼剤、制汗剤、ヘアカラー、入浴剤など
1-2.化粧品の広告において掲載できる内容
種類	広告に掲載できる内容	広告に掲載してはいけない内容例
一般化粧品
化粧品等の使用感を説明※
「化粧品の効能の範囲の改正について」で定める範囲※
医療関係者や研究者など、ユーザーの認識に相当の影響を与える団体等の推薦文言
最大級の表現やそれと類似する表現
心理的な要素で消費者の不安や恐怖を煽る恐れのある表現
定められた効能効果の範囲を逸脱した表現
具体的な効能効果や安全性を摘示して、それが確実である保証をするような表現
効果がでるまでの時間や期間、効果持続時間の保証
ビフォア/アフターのイメージ等の表現において、承認外の効能効果を想起させるもの
薬用化粧品
（医薬部外品）
承認を受けた効能効果の範囲※
※すべて2020年3月時点の内容です。今後、法律や条例の改正などで内容が変更となる可能性があるのでご注意ください。

※ 一般化粧品、薬用化粧品（医薬部外品）の効能又は効果の範囲は厚生労働省によって定められています。詳しくは下記のサイトを参照してください。
https://www.jcia.org/user/business/advertising/

2.薬・食品
2-1.薬・食品の分類と定義
分類	種類	定義
医薬品	医療用医薬品	購入に処方箋が必要なもの
要指導医薬品	医療用から一般用に移行したばかりの薬です。薬局で薬剤師との対面販売で購入できます。
［商品例］かぜ薬、胃腸薬など
一般用医薬品
（OTC医薬品）	薬局やインターネットで購入できます。（一部は薬剤師の確認が必要）。リスクによって第1類、第2類、第3類に分かれています。
医薬部外品	 	医薬品と化粧品の中間的な分類で、人体に対する作用の緩やかなもの。（機械器具でないもの）
食品	保健機能食品
「特定保健用食品（トクホ）」	生理学的機能などに影響を与える保健機能成分を含んでおり、個別に有効性及び安全性等に関する国の審査を受け、特定の保健の目的が期待できる旨の表示を許可又は承認された食品
保健機能食品
「機能性表示食品」	特定の栄養成分を含むものとして国が定める基準に従い当該栄養成分の機能を表示する食品
保健機能食品
「栄養機能食品」	機能性関与成分によって特定の保健の目的（疾病リスクの低減に係るものを除く。）が期待できる旨を科学的根拠に基づいて容器包装に表示する食品
一般食品	上記に該当しない食品
「いわゆる健康食品」
「栄養補助食品」
「サプリメント」など
2-2. 薬・食品の広告において掲載できる内容
2-2-1. 医薬品
分類	広告に掲載できる内容	広告に掲載してはいけない内容例
医療用医薬品
医薬関係者以外の一般人を対象とした広告は禁止
要指導医薬品
認められている「効能・効果」表示
認められている「効能・効果」の範囲を超えた表現
本来の効能効果等と認められない表現
効能効果等または安全性を保障する表現
体験談で効能効果へ言及している表現
過剰消費又は濫用助長を促す恐れのある表現
他社の製品の誹謗となる表現
※細かな詳細は「「OTC医薬品等の適正広告ガイドライン」を参照してください

一般用医薬品
（OTC医薬品）
2-2-2. 医薬部外品
広告に掲載できる内容	広告に掲載してはいけない内容例
厚生労働省に効能効果の承認を受けている範囲内の表示

例：育毛剤の育毛、発毛促進、浴用剤の疲労回復、冷え性　など

未承認の効能効果
医薬部外品の効能効果の二次的、三次的効果
一定の条件、いわゆる「しばり」の表現を省略すること
2-2-3.食品
種類	広告に掲載できる内容	広告に掲載してはいけない内容例
保健機能食品
「特定保健用食品（トクホ）」
消費者庁に届出を行った「届出表示」の範囲内で訴求することが可能
許可を受けた表示内容を超える表示
試験結果やグラフの使用方法が不適切な表示
アンケートやモニター調査等の使用方法が不適切な表示
医師又は歯科医師の診断、治療等によることなく疾病を治癒できるかのような表示
表示の裏付けとなる科学的根拠が合理性を欠いている場合
保健機能食品
「機能性表示食品」
消費者庁に届出を行った「届出表示」の範囲内で訴求することが可能
許可を受けた表示内容を超える表示
試験結果やグラフの使用方法が不適切な表示
アンケートやモニター調査等の使用方法が不適切な表示
医師又は歯科医師の診断、治療等によることなく疾病を治癒できるかのような表示
表示の裏付けとなる科学的根拠が合理性を欠いている場合
保健機能食品
「栄養機能食品」
国が予め定めた栄養機能の表示
届出内容を超える表示
特定保健用食品と誤認される表示
国の評価、許可等を受けたものと誤認される表示
一般食品
商品の「成分」の表示※
商品の「機能」の表示
医師又は歯科医師の診断、治療等によることなく疾病を治癒できるかのような表示
健康食品を摂取するだけで、特段の運動や食事制限をすることなく、短期間で容易に著しい痩身効果が得られるかのような表示
最上級又はこれに類する表現を用いている場合
体験談の使用方法が不適切な表示
体験結果やグラフの使用方法が不適切な表示
行政機関等の認証等に関する不適切な表示
価格等の取引条件について誤認させる表示
すべて2020年3月時点の内容です。今後、法律や条例の改正などで内容が変更となる可能性があるのでご注意ください。

※ 下記にいわゆる健康食品などの広告に関して、消費者庁による基本的な考え方や具体的な表示例などの事例が紹介されています。
https://www.caa.go.jp/policies/policy/representation/fair_labeling/pdf/160630premiums_9.pdf

LINE広告の審査で掲載がNGとなりやすい具体例
LP内の表現が下記に該当する場合、ユーザー保護の観点やユーザーにとっての有用性に欠けると判断され、審査NGとなる可能性が高いと考えられます。ご注意ください。

不当景品類及び不当表示防止法
1.商品やサービスの効能効果を逸脱または、保証しているように読み取れる内容


2.商品やサービスが実際よりも優れたものとして表示されている（優良誤認行為）


3.掲載内容が正確性・信憑性に欠けると考えられる


4.ページの情報量が少なく、広告として商品やサービスに関する十分な情報が得られずユーザーの体験を毀損する可能性があると考えられる


5.実際には期間限定対象ではないのに期間限定サービスのように見えるものや、商品やサービスの金額について、誤認される可能性がある表現（有利誤認行為）


※詳細は不当景品類及び不当表示防止法をご確認ください

1.商品やサービスの効能効果を逸脱または、保証しているように読み取れる内容
商品やサービスの効能効果を逸脱または、保証しているように読み取れる内容
2.商品やサービスが実際よりも優れたものとして表示されている（優良誤認行為）
商品やサービスが実際よりも優れたものとして表示されている（優良誤認行為）
NGポイント：

・商品を摂取するだけで痩せるかのような表現。

3.掲載内容に正確性・信憑性に欠けると考えられる
掲載内容に正確性・信憑性に欠けると考えられる
NGポイント：

・個人の感想等を使用することで、許可された特別の用途を超えて過大な効果があるかのような印象を与える。


・「あくまでも個人の感想です」「効果を保証するものではありません」 などの表示があっても、結果的に消費者に誤認される表示とみられる内容。

4.ページの情報量が少なく、広告として商品やサービスに関する十分な情報が得られずユーザーの体験を毀損する可能性があると考えられる
ページの情報量が少なく、広告として商品やサービスに関する十分な情報が得られずユーザーの体験を毀損する可能性があると考えられる
NGポイント：

・情報量が極端に少なく、ユーザーにとって有用性に欠けるサイトと判断されるもの。

5.実際には期間限定対象ではないのに、期間限定サービスのように見えるもの（景品表示法違反行為）
実際には期間限定対象ではないのに、期間限定サービスのように見えるもの（景品表示法違反行為）
NGポイント：

・期間限定をうたっているにも関わらず、具体的な期限の記載がない。

6.商品やサービスの金額について、誤認される可能性がある表現
商品やサービスの金額について、誤認される可能性がある表現
NGポイント：

・購入前に認識している金額と、実際の支払い金額と相違がある（ユーザーの誤解・誤認を招く可能性のある行為）※上記画像参照。LPで安価な価格を掲載しているが、実際の購入ページを注意して読むと一定の期間を経過しなければ解約できないこと分かる。

以上、LINE広告では配信する広告クリエイティブだけでなく、遷移先として設定するLPの内容についても審査が行われます。審査NGとなる場合は、具体例で紹介したNGポイントが含まれていないか確認してください。



LINE広告の配信は、アカウント作成から広告掲載、支払い手続きなどの全てがオンライン上で完結します。LINE広告の配信を希望される方は、以下より広告アカウントの開設を行ってください。
厚生労働省が定める広告規制について
健康食品や化粧品、医薬品などの広告については「医薬品、医療機器等の品質、有効性及び安全性の確保等に関する法律（以下、薬機法）」で定められた広告規制を遵守する必要があります。LINE広告でも、遷移先や配信クリエイティブ内で使用する表示・表現は、薬機法にて認められた範囲内としています。


条件がある場合は、当社サービス内で条件を明示・記載、且つ安全性や効能効果を保証する表現が記載されていないかなどの注意が必要です。細かな広告表現の規制については、以下、東京都福祉保険局のWebサイトを確認してください。

東京都福祉保健局　参考ページ
医薬品等の広告規制について（東京都福祉保険局）
健康食品の取り扱いについて（東京都福祉保険局）
代表的な審査NG例
以下、薬機法に関連して審査NGとなる広告クリエイティブ例を紹介します。

薬機法にて承認されていない効能効果を暗示・明示する表現やビジュアル
薬機法にて承認されていない効能効果を暗示・明示する表現やビジュアル
医薬品でないものに対し「診断」「予防」「治療」「回復」「緩和」「処置」など、医学用語を用いた表現。また、疾病の治療効果、予防効果を暗示する表現
医薬品でないものに対し「診断」「予防」「治療」「回復」「緩和」「処置」など、医学用語を用いた表現。また、疾病の治療効果、予防効果を暗示する表現
承認外の効能効果、安全性の保証表現となる使用前後の写真
承認等外の効能効果、安全性の保証表現となる使用前後の写真
医療関係者や、研究者、一般人の認識に影響を与える団体などの推薦文言
医療関係者や、研究者、一般人の認識に影響を与える団体などの推薦文言
バイブル商法と考えられる表現
※バイブル商法：健康食品や代替療法において、効能、理論、体験談などを書いた本を実質的な広告として利用し、法の規制をすり抜けようとする商法のこと。

バイブル商法と考えられる表現
広告表現（クリエイティブ・テキスト）においての注意点
薬機法の遵守に加え、LINE広告ではユーザーファーストの原則に基づき、「不快・不潔・煽られている」と感じられる可能性がある広告表現は掲載不可としています。広告に触れたユーザーの気持ちを考え、気分を害することがない、広告として魅力的な表現を意識しましょう。


＜審査NGとなる可能性が高いイメージ例＞

審査NGとなる可能性が高いイメージ例
その他の注意点
健康食品や化粧品、医薬品などの業種においては、遷移先の情報や表示内容などに関しても注意すべき点があります。

広告と遷移先のサイトに掲載している内容に相違がある
広告で言及している内容と遷移先となるWebページなどの内容に相違がある場合、掲載NGと判断される可能性があります。また、人体への効能効果に関わる「口コミ」「個人の感想」などを含む表現、またそれらが含まれるページへの直リンク（医薬品の場合は、口コミ、個人の感想などの掲載があるサイト告知が不可）は設定できません。

広告と遷移先のサイトに掲載している内容に相違がある
不当表示に該当する表現
広告で紹介する商品サービスの内容が事実よりも優れていると誤認させる「優良誤認表示」、実際よりも安いと誤認させる「有利誤認表示」が含まれる表現は掲載できません。


また、「世界初」「業界ナンバー1」などの最大級表現を使用する場合は、遷移先サイト及び広告クリエイティブ内にデータの出典元、調査機関名および調査年が明記され、正確な引用であることが条件となります。

第三者が権利を有するものを利用した表現が含まれている
著名人の氏名、画像、またテレビ番組名や番組画像を始めとする著作権、商標権、肖像権、パブリシティ権など、法令上または契約上の権利が他者にあるものを無断で広告に使用することはできません。


NG例）

❌テレビ番組のキャプチャの無断使用

❌タレント氏名の無断使用

❌SNSインフルエンサーなどが商品を使っている写真などの無断使用



健康食品や化粧品、医薬品などの業種においては特に、ユーザーにとって有益な情報を正しく伝えることが重要です。上記を踏まえ、魅力的なクリエイティブ作成を意識しましょう。



LINE広告審査の情報をまとめてご紹介します。広告準備の前にご確認ください。",line
295,広告と遷移先の関連性,広告との関連性,テキスト・画像・動画などのクリエイティブおよびランディングページは関連性が明確であることが必要です​。,0,,line
296,知的財産権等に関して,知的財産権等に関して,"第三者の肖像や氏名、写真、著作物等を使用する場合は権利者の承諾を得ていることが必要です。

第三者の特許権、商標権等の工業所有権その他知的財産権を侵害している恐れのあるものは掲載できません。

オリンピック・パラリンピック、ワールドカップ等、国際的スポーツイベントの名称、ロゴ、エンブレム、マスコット等は、大会組織委員会等権利者の承認を得たもの以外は掲載できません。",0,,line
297,クリエイティブガイドライン,広告の主体者(広告主)の明示,"常に広告の主体者(広告主)を明示し、画像の場合は視認可能な大きさで表示してください。また、広告主が権利を保有しない素材を利用する場合は、必ず権利者名を明記し、当該権利者との関係性を明確にしてください。

広告の広告主情報を不正確に表示しているサイトは掲載できません。
タイアップ広告（広告主の提携企業名等を表示する必要がある広告）の場合は、ユーザーに対し混乱を招かないよう両者の関連性も明確に表示してください。
ユーザーが広告主に対して、広告の内容について問い合わせや確認ができるよう、ランディングページに責任の所在を明確に示す必要があります。
ランディングページは、原則として広告主の自社サイトであり、広告主の名称、住所および電話番号、メールアドレスなどを明記する必要があります。
広告主が第三者に委託して運用されているランディングページなどの場合は、必ず広告主の許諾を得た上で、広告主情報/会社概要/会社情報/などの項目として、以下をユーザーにとってわかりやすい状態で記載してください。

〈広告主情報〉

広告主正式名称
広告主住所
代表者名
メールアドレス、電話番号などの問い合わせ可能な連絡先",0,,line
298,クリエイティブガイドライン,業界の自主基準、公正競争規約等の遵守,業界の自主基準や公正競争規約がある場合は、その基準、規約に従った表現、表記を行ってください。,0,,line
299,クリエイティブガイドライン,リンク先の制限,"アカウントやクリエイティブと直接関係のないページへリンクすることはできません。ユーザーから見て不自然でない内容であることが求められます。
また日本国内のユーザーが内容を理解できるよう、原則日本語で表示してください。",0,,line
300,クリエイティブガイドライン,第三者が権利を有するものを使用した表現,"第三者の氏名、画像、またテレビ番組名や番組画像を始めとする著作権、商標権、特許権等の知的財産権、名誉権、プライバシー権、肖像権、パブリシティ権等法令上または契約上の権利を侵害するものは広告に使用することはできません。
               よくあるNGポイント
許諾を得ていないおそれのある画像などの使用
NG表現	事例
使用許諾を得ているかどうかが不明なSNSなどの画像の転載


※SNSアカウント名(例@xxxxxなどアカウントが特定できる内容)を記載していても、許可を得ていることにはなりません。

第三者が権利を有する画像や名称などを
無断で転載しているおそれがある、とみなされるもの
他社の企業名や店舗名、ブランド名などを
許可なく使用しているおそれがあるもの
テレビ番組の画面のキャプチャなど、
許可なく使用しているおそれがあるもの	",0,,line
301,クリエイティブガイドライン,虚偽又は誇大な表現により、誤認を与える広告,紹介する商品、サービスの内容や品質等が実際のものより良いと誤認させる「優良誤認表示」や、商品やサービスの価格等の取引条件が実際よりも有利であると誤認させる「有利誤認表示」が含まれる表現は掲載できません。,0,,line
302,クリエイティブガイドライン,最高、最大などの断定的な表現,"以下のような表現は、公的機関や第三者機関の客観的な根拠の裏づけがないものは掲載できません。
遷移先及びクリエイティブ内にデータの出典元調査機関名および調査年が明記され、正確な引用であることが条件となります。
「最高」「最大」「最小」「No.1」「日本一」「世界一」「世界初」「業界初」「唯一の」「当社だけ」などの表記
（「日本一へ」等の、唯一無二を表していないものは除く）
「確実に」「絶対に」「完全」「万能」「永久」等の表記
よくあるNGポイント
調査元と調査期間の記載がない
NG表現	事例
「ランキング表現（受賞歴含む）」「最大」「No.1 」「世界初」
などの最大級表現を含んでいるが、
根拠となる調査元や調査機関の記載がない
※ランディングページ（遷移先）およびクリエイティブ内にデータの出典元調査機関名、および調査年が明記され、正確に引用している必要があります。

満足度の数値が記載されているが、
根拠となる調査結果、データ等の記載がない	",0,,line
303,クリエイティブガイドライン,消費税に関する表示,消費税法で定められた表示義務を順守してください。ユーザーが誤認をしないよう明確に表示してください。,0,,line
304,クリエイティブガイドライン,視覚的に注意を引くことだけを目的としたように見える表現の禁止,"以下のような表現はユーザーが緊急性の高い情報と誤認するおそれがあるため掲載できません。
NG表現	事例
「速報」「注意」「緊急」などの表記で視覚的に
注意を引くことだけを目的としているようにみえる表現
薬用化粧品

薬用化粧品",0,,line
305,クリエイティブガイドライン,紛らわしく誤解を与えるような表現の禁止,"LINEのコンテンツと混同する可能性のある表現や、OS・ブラウザの機能と誤認する表現は、ユーザーに誤解を与える可能性があるため掲載できません。
また、実際のニュースやお知らせ通知を模倣するような表現もユーザーを混乱させるため掲載できません。",0,,line
306,クリエイティブガイドライン,会員登録等による個人情報の取り扱いに関する表現,"広告主のサイトへ遷移させてサービスや商品への登録を促す内容を訴求する場合、遷移先がLINEと無関係である旨が視覚的にわかるようご配慮ください。
なお、ユーザーの個人情報を取得する場合、遷移先での情報の取り扱いが個人情報保護法に準拠していることが前提です。また、過度もしくは露骨な会員登録訴求は、ユーザー利益保護の観点から掲載できません。
注意点
申し込みフォームやお問い合わせフォームでユーザーの個人情報を取得する場合、遷移先での情報の取り扱いが個人情報保護法に準拠していることを前提とします。プライバシーポリシーや個人情報の取り扱いなどの記載を行ってください。

",0,,line
307,クリエイティブガイドライン,LINEロゴ利用ガイドラインの規定に抵触する表現・内容の配信の禁止,"LINEおよびLINE関連サービスのロゴ・アイコン・シンボルなどを使用する場合は「ロゴガイドライン」および「広告・販促・告知物におけるLINE関連素材使用についてのガイドライン」を遵守の上ご利用ください。
https://www.lycbiz.com/jp/logo/
また、当社が提供・保有しているロゴやキャラクター、サービス等を用いることで、ユーザーが当社（が認定する）コンテンツと誤認または混同する可能性のある表現は掲載できません。
特にLINEキャラクターは当社ならびに関連会社が権利を保有しておりますので、クリエイティブ内で利用できません。
NG表現	事例
LINE関連サービスのロゴ・アイコン・シンボルなどの
ガイドライン違反

",0,"広告・販促・告知物等におけるLINE関連素材の
ご利用に関して
LINEおよびLINE関連サービスのロゴ・アイコン・シンボルなどは、LINEヤフー株式会社の権利物です。
LINEおよびLINE関連サービスのロゴ・アイコン・シンボルなどを使用する場合は「ロゴガイドライン（本ページ）」および「広告・販促・告知物におけるLINE関連素材使用についてのガイドライン」を遵守の上ご利用ください。
プレスリリース、動画素材（TVCM配信、オンライン配信等にかかわらず全ての素材）、LINEポイントの訴求があるクリエイティブに関しては、当社による確認が必須となります。必ず事前に「広告・販促・告知物におけるロゴ等の利用に関するお問い合わせ」からご連絡ください。
注意事項
テレビや雑誌、その他メディアにおけるLINE関連素材のご利用に関しての不明点やご質問は、こちらからお問い合わせください。
一般個人の方は、コンタクトページの「個人のお客様」よりお問い合わせください。
各サービスのロゴ・ガイドラインのダウンロード
LINEおよびLINE関連サービスのロゴ・アイコン・シンボルは、以下の通りです。

ご利用にあたって
以下の素材を使用する場合は、必ず用途に合わせて、適切なファイル（印刷用もしくはデジタル用）をダウンロードしてください。
日本国内では、日本語表記のロゴのみを使用するようにしてください。
素材やガイドラインは更新する場合がありますので、使用時に最新版をダウンロードしてご使用いただくようお願いいたします。
印刷用データ：「ガイドライン」「AI（CMYK/Pantone）」が含まれます。
デジタル用データ：「ガイドライン」「AI（RGB）」「png」「SVG」が含まれます。
「LINE公式アカウント」のロゴ
LINE公式アカウント
印刷用データ
デジタル用データ
「LINE公式アカウント（旧 LINE@）」は、企業・店舗様がLINE上に自社の公式アカウントを開設できるサービスです。
「LINE公式アカウント」を示す際は、こちらのロゴまたはLINEアプリアイコンをご利用ください。

2020年4月に「LINE＠」は「LINE公式アカウント」へサービス移行いたしました。
LINE@のロゴはご利用いただけませんので、LINE公式アカウントのロゴをご利用ください。
「LINEミニアプリ」のロゴ
LINEミニアプリ
印刷用データ
デジタル用データ
「LINEミニアプリ」は、店舗・企業が「LINE」上で自社サービスを提供できる新しいアプリプラットフォームです。
「LINEミニアプリ」を示す際は、こちらのロゴをご利用ください。

また業種や利用シーンに合わせてご活用いただける店内設置用POPテンプレートをご用意しています。来店されたお客様へのLINEミニアプリのご案内にご活用ください。

POPテンプレートはこちら
「LINEポイント」のロゴ・シンボル
LINEポイント
印刷用データ
デジタル用データ
「LINEポイント」とは、「LINE Pay」やLINEの各種サービスの利用、「LINE」アプリ内で掲載されるアプリダウンロードや動画視聴などで貯めることのできるLINEのポイントサービスです。
各種キャンペーンのインセンティブとしてLINEポイントを付与する際などは、こちらのロゴをご利用ください。

またバナーの背景やイラストでLINEポイントのイメージを使用する際の注意点をまとめた「LINEポイント運用デザインガイドライン」もご用意しています。使用される際は、ご一読ください。

ガイドラインはこちら
「LINE」のアプリアイコン・ソーシャルプラグインボタン・LINEログインボタン
LINEアプリ
LINEアプリ自体を示す際は、こちらのロゴをご利用ください。なお、各種ロゴ・アイコンと本LINEアプリアイコンは、原則並記できません。

ダウンロード・ガイドラインはこちら
各サービス・機能の名称および定型説明文
各サービスや機能の名称と定型説明文については、こちらをご参照いただきご使用ください。

広告・販促・告知物におけるロゴ等の利用に関するお問い合わせ
LINEのサービス名・ロゴ等を利用し下記3点に該当する場合、当社での事前確認（クリエイティブ確認）が必要です。クリエイティブや告知物のデータをご用意いただき、注意事項をご確認のうえ、下記問い合わせフォームからご送付ください。
当社にてデータを確認し、承諾か修正箇所をご返答いたします。

お問い合わせ対象
プレスリリース
動画素材（TVCM配信、オンライン配信等に関わらず全ての素材）
LINEポイントの訴求があるもの
【注意事項】お問い合わせ前に、ご確認ください。
①ロゴ・アイコン等のご利用について
「LINEアプリロゴについてのガイドライン」を遵守の上、最新のロゴデータのご利用をお願いいたします。また、データの改変等は行わず、ロゴ周りに一定のスペースを確保いただく等、ガイドラインを遵守いただきますようお願いいたします。

ロゴ・アイコン等のご利用について
②トーク画面のご利用について
LINEのトーク画面を示すイメージは、実際の画面キャプチャをご使用ください。独自にトーク画面を加工いただく場合、実機画面キャプチャと同等の再現性を保持できていないと判断されるものはご使用いただけません。
※「LINE関連素材使用についてのガイドライン」のP40に記載

トーク画面のご利用について
③表記について
「LINE」部分だけフォントカラー・サイズ・フォントタイプを変更するなどして強調することはできません。以下によくあるNG例を記載しておりますので、ご確認の上、ご対応をお願いいたします。
※「LINE関連素材使用についてのガイドライン」のP42〜44に記載

正式表記	NG例
LINE公式アカウント	公式LINEアカウント、◯◯公式アカウント、公式LINE等
友だち	友達、お友達、お友だち等
友だち追加	友達登録、友だち登録、お友達登録、お友だち登録等
④LINEポイントについて
ロゴ周りに一定のスペースの確保等、ガイドラインを遵守いただきますようお願いいたします。また、LINEポイントに関連するクリエイティブや告知物には、下記の免責文言を記載してください。「LINE」の後に半角スペースは不要です。
※「LINE関連素材使用についてのガイドライン」のP24〜30に記載
※LINEヤフー株式会社は、本プロモーション・調査・プログラム・キャンペーン（※該当しない部分は削除してください）のスポンサーではありません。
※LINEおよびLINEヤフーロゴは、LINEヤフー株式会社の登録商標です。

LINEポイントについて",line
308,クリエイティブガイドライン,「友だち」の表記,"LINE公式アカウントとユーザーが繋がっていることを「友だち」と呼びます。
その為、遷移先及びクリエイティブにおいても、 LINE公式アカウントとユーザーが繋がることを意味した表記を行う場合は「友だち」と表記してください。
NG表現	事例
LINEの「友だち」表記ガイドライン違反
薬用化粧品
",0,,line
309,クリエイティブガイドライン,LINE友だち追加への誘導,"未承認のLINE公式アカウント、個人・グループのLINEアカウントへのディープリンクは掲載できません。​
また、ランディングページ上で投資や副業を訴求し、未認証のLINE公式アカウントや、個人・グループのLINEアカウントへの友だち追加を促すものも掲載できません。
参考）LINE公式アカウント　アカウント種別",0,"LINEの法人向けアカウントは複数の種類が用意されています。その種類については「アイコンの色」で見分けることができます。

種別	概要
プレミアムアカウント	当社所定の審査を通過することで、アカウントバッジが付与され、LINEアプリ内での検索結果にも露出されるようになります。さらに一部の機能や決済手段などが拡張されます。
LINEがそのサービスを支持するかどうかとは関係ありません
認証済アカウント
未認証アカウント	個人・法人問わず、誰でも取得出来るアカウントです。基本機能は認証済アカウントと変わらず、有料プランへの変更・プレミアムIDの購入も可能です。",line
310,クリエイティブガイドライン,スマートフォンで操作閲覧できないページへの遷移の禁止,スマートフォン（iOS、Android）の標準ブラウザで操作閲覧できないページヘリンクすることはできません。必ずリンク先のページがスマートフォンで正常に動作することをご確認ください。また文字が小さく見づらい、字や画像が画面から見切れているページも掲載できません。​,0,,line
311,クリエイティブガイドライン,ユーザーの意に反する広告の禁止,作成中など正常に表示できないものやブラウザのバックボタン等で直前のページへ戻ることができないもの、広告主以外の第三者によるポップアップ/アンダーウィンドウや別画面を表示するもの、ユーザーの意思確認なくソフトウェアのダウンロードを開始したり、アプリケーションが起動したりするもの等、ユーザーの意に反する動きのある広告は掲載できません。,0,,line
312,クリエイティブガイドライン,有用性が低いと判断される広告の禁止,"ランディングページには、訴求商品・サービスについてユーザーにとって有益な情報を提供できていることが前提です。​
情報量が極端に乏しいものや、遷移先との情報が異なるもの、ユーザーにとってわかりにくい表現、別ページへ遷移させることを主目的としているもの等は広告として認められません。​
NG表現	事例
ユーザーの誤操作を誘発する可能性がある表現	実際は操作できないが操作可能に
見える表現
ランディングページ(遷移先)に情報量が少なく、
広告として商品やサービスに関する十分な情報が得られず、ユーザーの体験を毀損する可能性がある表現
有用性に欠けるコンテンツ	ページの情報量が少なく、広告として商品やサービスに関する十分な情報が得られず、ユーザーの体験を毀損する可能性がある
第三者のサイトへのリンクや広告が多いもの
本来あるべき広告商品やサービスに関する情報以上に他の商材に関する内容やリンクなどの比率が高いもの	",0,,line
313,クリエイティブガイドライン,ユーザーが不快と感じるおそれがある表現の禁止,"人体のコンプレックス部分の露骨表現や、過度な肌露出、性に関する表現が露骨なものは掲載できません。
また、暴力、反社会勢力を連想させる表現やグロテスクな表現等もユーザーが不快と感じる可能性があるため掲載できません。​
高速で点滅や振動したり、単純なループを繰り返すような映像、関連性のない不快な音声を用いたもの等も広告として認められません。​​​
NG表現	事例
不快と感じるおそれがある表現	",0,,line
314,クリエイティブガイドライン,投機心や射幸心を煽るおそれのある表現の禁止,"通貨およびそれに類似するものを想起させる表現、金銭の授受を直接的かつ過度に想起させる表現は掲載できません。
また、確実に大金が手に入る、絶対に稼げるなど、利益を保証し奨励するかのような表現は、投機心、射幸心を煽りユーザーを惑わせる可能性があるため掲載できません。​​​
NG表現	事例
投機心や射幸心を煽るおそれのある表現	「確実に稼げる」などユーザーの投機心を煽る表現
金銭の授受を直接的かつ過度に想起させる表現	",0,,line
315,クリエイティブガイドライン,不適切な広告の禁止,"性行為やわいせつな行為を目的とするもの、面識のない第三者との出会いや交際を目的とする広告は掲載できません。
その他、当社が不適切と判断した広告は掲載できません。​​​",0,,line
316,クリエイティブガイドライン,子どもに対する配慮,"以下に該当するものは掲載できません。​

暴力的、性的、不快感のある下品な表現
危険性を伴う表現で子どもが模倣するおそれのある表現
いじめを助長したり、暴力を肯定したりする表現
子どもの劣等感や優越感を利用する表現
過度に子どもの購買欲を煽るような表現
商品を買ってもらえるよう大人に働きかけることを促す表現",0,,line
317,クリエイティブガイドライン,ターゲティング対象であるとユーザーに認識される表現,「○歳の方へ」「〇〇にお悩みの方へ」など、ターゲティング対象であると認識させるような表現を使用する際は、ユーザーに不快感・嫌悪感を与えないよう注意してください。​​​,0,,line
318,クリエイティブガイドライン,ダブルスポンサーの広告の禁止,"当社が認める場合を除き、広告の再販は行えません。また、関係のない第三者の情報を発信することもユーザー利益保護の観点から原則掲載できません。

主たる広告主が明確であり、ユーザーが混乱、誤認しない内容であること
複数企業で広告展開することの必然性が明確であり、ユーザーが混乱、誤認しない内容であること
広告の主体者が明確であること",0,,line
319,クリエイティブガイドライン,【LINE広告】広告＆クリエイティブ審査の基本ルール,"審査の基本方針
「LINE」は子どもから大人まで幅広い年齢層のユーザーが利用するコミュニケーションアプリです。そのため、LINE上で展開される各種広告については、「情報の受け手（ユーザー）がどう思うか」「ユーザーが必要とする情報を適切な形で提供しているか」「ユーザーが不快に感じることはないか」「すべてのユーザーが安心・安全にサービスを利用できているか」という観点で広告ガイドラインが定められています。


また、昨今は一部の事業者による悪質な広告出稿に対して、広告健全化への取り組みに注力するようになっています。

広告・クリエイティブ審査とは
LINE広告では、配信される「クリエイティブ」と遷移先となる「広告」を同様の判断基準で審査しています。以下、基本的なルールを解説していきます。

広告・クリエイティブ審査とは
※「クリエイティブ」に関しては、訴求したい商品や内容に合わせて、フォーマットを選択する必要があります。フォーマットごとに静止画のサイズや動画の比率が異なります。詳細は下記の記事を確認してください。

LINE広告丨クリエイティブの種類と対応する配信面

必須項目
LINE広告で配信される全ての広告、クリエイティブに関して必須で定められているルールです。


・広告の主体者の明示
常に広告の主体を明示し、画像の場合は視認可能な大きさで表示してください。また、広告主が権利を保有しない素材を利用する場合は、必ず権利者名を明記し、当該権利者との関係性を明確にしてください。タイアップ広告（広告主の提携企業名等を表示する必要がある広告）の場合は、ユーザーの混乱を招かないよう両者の関連性も明確に表示してください。


＜ランディングページへの記載事項＞

ユーザーが広告主様に対して、広告の内容について問い合わせや確認ができるよう、ランディングページに責任の所在を明確に示す必要があります。ランディングページは、原則として広告主様の自社サイトであり、広告主様の名称、住所および電話番号、メールアドレスなどを明記する必要があります。広告主様が第三者に委託して運用されているランディングページなどの場合は、必ず広告主様の許諾を得た上で、広告主情報/会社概要/会社情報/などの項目として、以下をユーザーにとってわかりやすい状態で記載してください。


［広告主情報］

・広告主様正式名称
・広告主様住所
・代表者名
・メールアドレス、電話番号などの問合せ可能な連絡先


・業界の自主基準、公正競争規約等の遵守
業界の自主基準や公正競争規約がある場合は、その基準、規約に従った表現、表記を行ってください。

表現上の制限・禁止事項
続いて、表現上における制限や禁止事項を紹介します。審査が通らない場合などは、以下に該当する項目がないか確認しましょう。


・ユーザビリティーが低いと判断される表現・広告の禁止
画像が正常に表示されていないもの、誤操作を誘発する可能性があるものなど、ユーザーの意に反する、またはユーザビリティーが低いと判断された広告は掲載できません。


例：ユーザビリティーが低いと判断される表現・広告

ユーザビリティーが低いと判断される表現・広告
・ユーザーが不快と感じる可能性がある表現の禁止
人体のコンプレックス部分を露骨に表現したもの、過度な肌露出(※1)、性に関する表現が露骨なクリエイティブは禁止されています。また、暴力、反社会勢力を連想させる表現やグロテスクな表現などもユーザーが不快と感じる可能性があるため、掲載できません。その他にも、高速で点滅や振動したり、単純なループを繰り返すような映像、関連性のない不快な音声を用いたもの等も広告として認められません。


※1 水着や下着においても訴求内容とは関係のない不必要な画像は禁止です


例：ユーザーが不快と感じる可能性がある表現

ユーザーが不快と感じる可能性がある表現の禁止
・不当表示に該当する可能性がある表現
紹介する商品やサービスの内容が、事実よりも優れていると誤認させる「優良誤認表示」、商品やサービスの価格等の取引条件が実際よりも有利であると誤認させる「有利誤認表示」が含まれる表現は掲載できません。また「世界初」「業界ナンバー1」などの最大級表現を使用する場合は、遷移先及びクリエイティブ内にデータの出典元・調査機関名および調査年が明記され、正確な引用であることが条件となります。


・投機心や射幸心を煽る可能性のある表現
通貨およびそれに類似するものを想起させる表現、金銭の授受を直接的かつ過度に想起させる表現は禁止されています。また、確実に大金が手に入る、絶対に稼げるなど、ユーザーを惑わせるような投機心、射幸心をあおる内容は掲載できません。


例：投機心、射幸心をあおる表現

投機心や射幸心を煽る可能性のある表現
・第三者が権利を有するものを利用した表現
著名人の氏名、画像、またテレビ番組名や番組画像をはじめとする著作権、商標権、肖像権、パブリシティー権など、法令上または契約上の権利を有するものを無断で使用することはできません。

LINE広告をはじめる
LINE広告ならではの注意点
続いて、LINE広告ならではの審査注意点について紹介します。

「友だち」の表記間違い
LINE公式アカウントでは、企業や店舗のアカウントとユーザーとのつながりを「友だち」と表現します。LINE広告ではLINE公式アカウントの友だちを集めるための配信機能「友だち追加」がありますが、配信するクリエイティブや遷移先となるWebページに「友だち」との表記を記載する場合は注意が必要です。



❌「友達」「ともだち」「お友だち」

⭕️「友だち」",0,,line
320,クリエイティブガイドライン,【LINE広告】遷移先LPの審査注意点｜化粧品、薬用化粧品、医薬品、医薬部外品、食品,"各商材の分類と掲載できる広告内容
訴求する商材によって、広告に掲載できる内容は異なります。広告出稿を検討している商材が下記のどのカテゴリに該当するのかを把握し、可能な範疇で広告やLPの内容・表現を検討しましょう。

1. 化粧品
1-1.化粧品の分類と定義
種類	定義
一般化粧品	人の身体を清潔にし、美化し、魅力を増し、容貌を変え、又は皮膚若しくは毛髪をすこやかに保つために、身体に塗擦、散布その他これらに類似する方法で使用されることが目的とされている物で、人体に対する作用が緩和なもの
例）シャンプー、リンス、石けん、ファンデーション、クリーム、マニキュアなど
薬用化粧品
（医薬部外品）	薬用効果（予防等の効果）をもつと謳われる化粧品類似の製品
例）歯周病・虫歯予防の歯磨、口中清涼剤、制汗剤、ヘアカラー、入浴剤など
1-2.化粧品の広告において掲載できる内容
種類	広告に掲載できる内容	広告に掲載してはいけない内容例
一般化粧品
化粧品等の使用感を説明※
「化粧品の効能の範囲の改正について」で定める範囲※
医療関係者や研究者など、ユーザーの認識に相当の影響を与える団体等の推薦文言
最大級の表現やそれと類似する表現
心理的な要素で消費者の不安や恐怖を煽る恐れのある表現
定められた効能効果の範囲を逸脱した表現
具体的な効能効果や安全性を摘示して、それが確実である保証をするような表現
効果がでるまでの時間や期間、効果持続時間の保証
ビフォア/アフターのイメージ等の表現において、承認外の効能効果を想起させるもの
薬用化粧品
（医薬部外品）
承認を受けた効能効果の範囲※
※すべて2020年3月時点の内容です。今後、法律や条例の改正などで内容が変更となる可能性があるのでご注意ください。

※ 一般化粧品、薬用化粧品（医薬部外品）の効能又は効果の範囲は厚生労働省によって定められています。詳しくは下記のサイトを参照してください。
https://www.jcia.org/user/business/advertising/

2.薬・食品
2-1.薬・食品の分類と定義
分類	種類	定義
医薬品	医療用医薬品	購入に処方箋が必要なもの
要指導医薬品	医療用から一般用に移行したばかりの薬です。薬局で薬剤師との対面販売で購入できます。
［商品例］かぜ薬、胃腸薬など
一般用医薬品
（OTC医薬品）	薬局やインターネットで購入できます。（一部は薬剤師の確認が必要）。リスクによって第1類、第2類、第3類に分かれています。
医薬部外品	 	医薬品と化粧品の中間的な分類で、人体に対する作用の緩やかなもの。（機械器具でないもの）
食品	保健機能食品
「特定保健用食品（トクホ）」	生理学的機能などに影響を与える保健機能成分を含んでおり、個別に有効性及び安全性等に関する国の審査を受け、特定の保健の目的が期待できる旨の表示を許可又は承認された食品
保健機能食品
「機能性表示食品」	特定の栄養成分を含むものとして国が定める基準に従い当該栄養成分の機能を表示する食品
保健機能食品
「栄養機能食品」	機能性関与成分によって特定の保健の目的（疾病リスクの低減に係るものを除く。）が期待できる旨を科学的根拠に基づいて容器包装に表示する食品
一般食品	上記に該当しない食品
「いわゆる健康食品」
「栄養補助食品」
「サプリメント」など
2-2. 薬・食品の広告において掲載できる内容
2-2-1. 医薬品
分類	広告に掲載できる内容	広告に掲載してはいけない内容例
医療用医薬品
医薬関係者以外の一般人を対象とした広告は禁止
要指導医薬品
認められている「効能・効果」表示
認められている「効能・効果」の範囲を超えた表現
本来の効能効果等と認められない表現
効能効果等または安全性を保障する表現
体験談で効能効果へ言及している表現
過剰消費又は濫用助長を促す恐れのある表現
他社の製品の誹謗となる表現
※細かな詳細は「「OTC医薬品等の適正広告ガイドライン」を参照してください

一般用医薬品
（OTC医薬品）
2-2-2. 医薬部外品
広告に掲載できる内容	広告に掲載してはいけない内容例
厚生労働省に効能効果の承認を受けている範囲内の表示

例：育毛剤の育毛、発毛促進、浴用剤の疲労回復、冷え性　など

未承認の効能効果
医薬部外品の効能効果の二次的、三次的効果
一定の条件、いわゆる「しばり」の表現を省略すること
2-2-3.食品
種類	広告に掲載できる内容	広告に掲載してはいけない内容例
保健機能食品
「特定保健用食品（トクホ）」
消費者庁に届出を行った「届出表示」の範囲内で訴求することが可能
許可を受けた表示内容を超える表示
試験結果やグラフの使用方法が不適切な表示
アンケートやモニター調査等の使用方法が不適切な表示
医師又は歯科医師の診断、治療等によることなく疾病を治癒できるかのような表示
表示の裏付けとなる科学的根拠が合理性を欠いている場合
保健機能食品
「機能性表示食品」
消費者庁に届出を行った「届出表示」の範囲内で訴求することが可能
許可を受けた表示内容を超える表示
試験結果やグラフの使用方法が不適切な表示
アンケートやモニター調査等の使用方法が不適切な表示
医師又は歯科医師の診断、治療等によることなく疾病を治癒できるかのような表示
表示の裏付けとなる科学的根拠が合理性を欠いている場合
保健機能食品
「栄養機能食品」
国が予め定めた栄養機能の表示
届出内容を超える表示
特定保健用食品と誤認される表示
国の評価、許可等を受けたものと誤認される表示
一般食品
商品の「成分」の表示※
商品の「機能」の表示
医師又は歯科医師の診断、治療等によることなく疾病を治癒できるかのような表示
健康食品を摂取するだけで、特段の運動や食事制限をすることなく、短期間で容易に著しい痩身効果が得られるかのような表示
最上級又はこれに類する表現を用いている場合
体験談の使用方法が不適切な表示
体験結果やグラフの使用方法が不適切な表示
行政機関等の認証等に関する不適切な表示
価格等の取引条件について誤認させる表示
すべて2020年3月時点の内容です。今後、法律や条例の改正などで内容が変更となる可能性があるのでご注意ください。

※ 下記にいわゆる健康食品などの広告に関して、消費者庁による基本的な考え方や具体的な表示例などの事例が紹介されています。
https://www.caa.go.jp/policies/policy/representation/fair_labeling/pdf/160630premiums_9.pdf

LINE広告の審査で掲載がNGとなりやすい具体例
LP内の表現が下記に該当する場合、ユーザー保護の観点やユーザーにとっての有用性に欠けると判断され、審査NGとなる可能性が高いと考えられます。ご注意ください。

不当景品類及び不当表示防止法
1.商品やサービスの効能効果を逸脱または、保証しているように読み取れる内容


2.商品やサービスが実際よりも優れたものとして表示されている（優良誤認行為）


3.掲載内容が正確性・信憑性に欠けると考えられる


4.ページの情報量が少なく、広告として商品やサービスに関する十分な情報が得られずユーザーの体験を毀損する可能性があると考えられる


5.実際には期間限定対象ではないのに期間限定サービスのように見えるものや、商品やサービスの金額について、誤認される可能性がある表現（有利誤認行為）


※詳細は不当景品類及び不当表示防止法をご確認ください

1.商品やサービスの効能効果を逸脱または、保証しているように読み取れる内容
商品やサービスの効能効果を逸脱または、保証しているように読み取れる内容
2.商品やサービスが実際よりも優れたものとして表示されている（優良誤認行為）
商品やサービスが実際よりも優れたものとして表示されている（優良誤認行為）
NGポイント：

・商品を摂取するだけで痩せるかのような表現。

3.掲載内容に正確性・信憑性に欠けると考えられる
掲載内容に正確性・信憑性に欠けると考えられる
NGポイント：

・個人の感想等を使用することで、許可された特別の用途を超えて過大な効果があるかのような印象を与える。


・「あくまでも個人の感想です」「効果を保証するものではありません」 などの表示があっても、結果的に消費者に誤認される表示とみられる内容。

4.ページの情報量が少なく、広告として商品やサービスに関する十分な情報が得られずユーザーの体験を毀損する可能性があると考えられる
ページの情報量が少なく、広告として商品やサービスに関する十分な情報が得られずユーザーの体験を毀損する可能性があると考えられる
NGポイント：

・情報量が極端に少なく、ユーザーにとって有用性に欠けるサイトと判断されるもの。

5.実際には期間限定対象ではないのに、期間限定サービスのように見えるもの（景品表示法違反行為）
実際には期間限定対象ではないのに、期間限定サービスのように見えるもの（景品表示法違反行為）
NGポイント：

・期間限定をうたっているにも関わらず、具体的な期限の記載がない。

6.商品やサービスの金額について、誤認される可能性がある表現
商品やサービスの金額について、誤認される可能性がある表現
NGポイント：

・購入前に認識している金額と、実際の支払い金額と相違がある（ユーザーの誤解・誤認を招く可能性のある行為）※上記画像参照。LPで安価な価格を掲載しているが、実際の購入ページを注意して読むと一定の期間を経過しなければ解約できないこと分かる。

以上、LINE広告では配信する広告クリエイティブだけでなく、遷移先として設定するLPの内容についても審査が行われます。審査NGとなる場合は、具体例で紹介したNGポイントが含まれていないか確認してください。



LINE広告の配信は、アカウント作成から広告掲載、支払い手続きなどの全てがオンライン上で完結します。LINE広告の配信を希望される方は、以下より広告アカウントの開設を行ってください。",0,,line
321,業種・サービス​ごとの注意点,通信販売​,"以下の基準を満たしていることが前提です。

ランディングページ内に特定商取引法に基づく表記（もしくはリンク）の記載をしていること
返品や解約の連絡方法、連絡先、条件や支払い総額等について消費者の見やすい位置に記載していること
定期購入契約の場合は、2回目以降の代金、次回の発送時期、各回の請求時期、分量を消費者の見やすい位置に記載していること
【関連する法律や業界ガイドラインなど】
特定商取引法に関する法律 など",0,,line
322,業種・サービス​ごとの注意点,中古品販売、買取サービス​,"以下の基準を満たしていることが前提です。

ランディングページもしくは企業のホームページ内に古物商の許可番号と公安委員会名を記載していること
【関連する法律や業界ガイドラインなど】
古物営業法、特定商取引法に関する法律 など",0,,line
323,業種・サービス​ごとの注意点,個人輸入代行業​,"以下の基準を満たしていることが前提です。

厚生労働省が承認していない医薬品（未承認医薬品）の広告ではないこと
処方せんや医師の指示が必要な医療用医薬品、医療用医療機器などの広告ではないこと
【関連する法律や業界ガイドラインなど】
特定商取引法に関する法律、医薬品医療機器等法 など",0,,line
324,業種・サービス​ごとの注意点,人材派遣・有料職業紹介会社​,"以下の基準を満たしていることが前提です。

ランディングページもしくは企業のホームページ内に厚生労働省の許可・届出番号を記載していること
【関連する法律や業界ガイドラインなど】
労働基準法、職業安定法 、労働者派遣法など",0,,line
325,業種・サービス​ごとの注意点,国家資格を有する業種（弁護士、司法書士、行政書士、弁理士、公認会計士、税理士）​,"以下の基準を満たしていることが前提です。

各士業の所属会の定める広告関連規定を遵守していること
代表者氏名、事務所住所、事務所電話番号、代表者の所属会、及び取り扱う業務における料金体系の記載があること
「借金完済の抜け道教えます」等、モラルに欠ける表現などがないこと
「借金」「離婚」「債務」などの表現を過度に強調していないこと
【関連する法律や業界ガイドラインなど】
弁護士法、司法書士法、行政書士法 など",0,,line
326,業種・サービス​ごとの注意点,旅行業​,"以下の基準を満たしていることが前提です。

観光庁長官又は都道府県知事の登録があること
日本旅行業協会または全国旅行業協会に加盟していること
国内旅行業者は都道府県知事の登録番号、国外旅行業者は観光庁長官の登録番号をランディングページ内に記載していること
【関連する法律や業界ガイドラインなど】
旅行業法、景品表示法 など",0,,line
327,業種・サービス​ごとの注意点,留学サービス業,"以下の基準を満たしていることが前提です。

事業者の実態が確かで、実績があること
事業者の名称、所在地、連絡先、提携先の教育機関情報、プログラムの内容、料金体系等の詳細を明確に記載していること",0,,line
328,業種・サービス​ごとの注意点,アルコール飲料​,"以下の基準を満たしていることが前提です。

「お酒、飲酒は20歳を過ぎてから」「未成年者の飲酒は法律で禁じられています。」 等の文言が記載されていること
配信の際に未成年への配慮を行っていること
【関連する法律や業界ガイドラインなど】
未成年者の飲酒防止に関する表示基準、酒類の広告・宣伝及び酒類容器の表示に関する自主基準 など",0,,line
329,業種・サービス​ごとの注意点,公営競技​,"以下の基準を満たしていることが前提です。

広告主が、競技の主催団体、投票券や証票の販売店、それらの上部団体、もしくはそれに準じるものであること
過度に射幸心を煽るような表現・映像・画像がないこと
予想などの映像、画像がないこと
年齢制限がある旨の表記をすること、また配信の際に未成年への配慮を行っていること
NG表現	事例
「儲かる」「必ず当たる」を想起させる表現
札束や、カジノ（ルーレットやチップなど）などを含む表現
「○○○万円が当たる」などの表記


【関連する法律や業界ガイドラインなど】
景品表示法 など",0,,line
330,業種・サービス​ごとの注意点,宝くじ、スポーツ振興くじ,"以下の基準を満たしていることが前提です。

広告主が、くじの主催団体、投票券や証票の販売店、それらの上部団体、もしくはそれに準じるものであること
過度に射幸心を煽るような表現・映像・画像がないこと
年齢制限がある旨の表記をすること、配信の際に未成年への配慮を行っていること
【関連する法律や業界ガイドラインなど】
景品表示法 など",0,,line
331,業種・サービス​ごとの注意点,電子書籍、コミック,"以下の基準を満たしていることが前提です。

社会通念上好ましくない表現や、アダルト要素の強い描写、反社会的、残虐な描写などが含まれていないこと",0,,line
332,業種・サービス​ごとの注意点,オンラインゲーム,"以下の基準を満たしていることが前提です。

参加料を徴収し、ゲームの結果次第で金品などを分配するようなもので賭博とみなされる可能性が高いものではないこと
意図しない過度な課金や高額な利用料金の制限など、未成年への配慮がされていること
ゲームの結果次第でポイントや景品を付与する場合は景品表示法など関連法令に準拠していること
利用者間の交流が可能な場合、出会い目的など、ゲームの交流目的以外での利用がされていないこと
社会通念上好ましくない表現や、アダルト要素の強い描写、反社会的、残虐な描写などが含まれていないこと
【関連する法律や業界ガイドラインなど】
景品表示法、刑法 など",0,,line
333,業種・サービス​ごとの注意点,結婚紹介業、婚活パーティ等（出会い系サイトを除く）,"以下の基準を満たしていることが前提です。

企業名称、住所、連絡先、代表者氏名の記載があること
料金体系を明確に記載していること
公的書類による本人確認を必要要件としていること
金銭的援助目的としての利用が行われていないこと
年齢制限がある旨の表記をすること、配信の際に未成年への配慮を行っていること",0,,line
334,業種・サービス​ごとの注意点,出会い系、マッチングサイト等（インターネット異性紹介事業）,"以下の基準を満たしていることが前提です。

インターネット異性紹介事業規制法に基づき、必要な届出がされていること
法律で定められた方法により、利用者が18歳以上であるかの利用資格を確認していること
有料である場合は、料金体系が明瞭であること
交際により、その対価を供与、享受することがないこと
会社名称、住所、連絡先、代表者氏名および役職名の表示があること
プライバシー情報を取得する場合は、プライバシー保護に関する第三者機関の認定を受けていること
クリエイティブ内に18歳未満は利用できない旨の表示があること、配信の際に未成年への配慮を行っていること
社会通念上好ましくない表現や、アダルト要素の強い描写などが含まれていないこと",0,,line
335,業種・サービス​ごとの注意点,各種金融商品,"以下の基準を満たしていることが前提です。

監督官庁への登録があること
各種関連団体の定める広告自主基準等を遵守していること
ランディングページ内にかかる費用や取引リスクを明確に記載していること
過度に期待を煽るような表現、投機心を煽る可能性がある表現を行っていないこと
配信の際に未成年への配慮を行っていること
よくあるNG例
金融庁の登録番号の記載がない
ランディングページにおいて主体者表記名の記載がない(例：PR〇〇株式会社)
ランディングページにおいてサービス名の記載がない
世相に便乗した表現が含まれている(例：オリンピック、コロナなど)
投機心や射幸心を煽る表現(絶対に稼げる、1年後に30倍になる株を教えます)
業種ごとの監督官庁の登録・許可
業種	監督官庁	登録・許可	表事例
商品先物取引業	農林水産省	許可	農林水産省指令●総合第●号
商品先物取引業	経済産業省	許可	経済産業省 平成17・03・16商第●号
金融商品取引業	金融庁	登録	関東財務局長(金商)第●号
【関連する法律や業界ガイドラインなど】
金融商品取引法 など",0,,line
336,業種・サービス​ごとの注意点,貸金業・カードローン（個人向け無担保無保証貸付）,"以下の基準を満たしていることが前提です。

貸金業に関連する法律を遵守していること
ランディングページ内に貸金業登録番号、貸付利率の記載があること
過度に期待を煽るような表現がないこと
他の貸金業者の利用者または返済能力がない者に向けて訴求しないこと
借り入れを必要とする者へ安易な借り入れを助長、または過度に強調しないこと
配信の際に未成年への配慮を行っていること
カードローンの訴求の場合は、日本貸金業協会が定める自主基準に準拠していること
NG表現	事例
債務整理を行った者や破産免責を
受けた者にも容易に貸付けを行う旨の表現
簡単に借り入れができるような表現
過度に不安を煽る・暗い・下品な表現




【関連する法律や業界ガイドラインなど】
貸金業法、金融商品取引法、 自主規制基本規則（日本貸金業協会）など",0,,line
337,業種・サービス​ごとの注意点,暗号資産交換業,"以下の基準を満たしていることが前提です。

暗号資産の売買又は他の暗号資産との交換、媒介や取次、代理を行うサービス、利用者の金銭の管理を行うサービスで金融庁の登録があること
ランディングページ内に金融庁の暗号資産交換業者登録番号の記載があること
費用、取引リスクに関する内容を明確に記載していること
配信の際に未成年への配慮を行っていること
【関連する法律や業界ガイドラインなど】
貸金業法、金融商品取引法 、資金決済法など",0,,line
338,業種・サービス​ごとの注意点,質屋,"以下の基準を満たしていることが前提です。

都道府県公安委員会の許可を得ていることの記載、および許可番号の記載があること
ランディングページ内に、利率、利息計算の方法、流質期限についての記載があること
【関連する法律や業界ガイドラインなど】
質屋営業法、古物営業法 など",0,,line
339,業種・サービス​ごとの注意点,クラウドファンディング,"以下の基準を満たしていることが前提です。

プロジェクト内容の詳細、リターンの内容を明確に記載していること
購入型の場合は、ランディングページ内に特定商取引法に基づく表記の記載があること
投資型の場合は、類型に応じて「第一種金融商品取引業」「第一種少額電子募集取扱業」「第二種金融商品取引業」「第二種少額電子募集取扱業」「貸金業」等の登録があること
またランディングページ内に、取引リスクを明確に記載していること
寄付型の場合は、「募金、寄付金の募集」の基準を満たしていること
配信の際に未成年への配慮を行っていること
【関連する法律や業界ガイドラインなど】
金融商品取引法、貸金業法、特定商取引に関する法律 など",0,,line
340,業種・サービス​ごとの注意点,比較、ランキングサイト​,"以下の基準を満たしていることが前提です。

根拠のない情報の表示や恣意的な順位付けなど、ユーザーにとって真偽不明で信憑性、信頼性に欠ける情報を掲載していないこと
【関連する法律や業界ガイドラインなど】
景品表示法 など",0,,line
341,業種・サービス​ごとの注意点,口コミサイト​​,"以下の基準を満たしていることが前提です。

無許可の画像や文章等の使用、インフルエンサー等を利用したステルスマーケティングとみられる内容を掲載していないこと
投稿された内容についての監視、管理体制が運営者側で整備されていること
【関連する法律や業界ガイドラインなど】
景品表示法 など",0,,line
342,業種・サービス​ごとの注意点,クリック報酬を主目的としたサイト​,"以下の基準を満たしていることが前提です。

ユーザーにとって有益な情報があること
広告のクリック等を目的としたり、クリックの誘導を促すようなものでないこと
【関連する法律や業界ガイドラインなど】
景品表示法 など",0,,line
343,業種・サービス​ごとの注意点,医療機器​,"以下の基準を満たしていることが前提です。

国内未承認の医療機器ではないこと
ランディングページ内に医療機器承認番号の記載があること
承認を受けた効能効果の範囲を超えた表現、安全性を保証する表現がされていないこと
【関連する法律や業界ガイドラインなど】
医薬品医療機器等法、特定商取引に関する法律、景品表示法 など",0,,line
344,業種・サービス​ごとの注意点,コンタクトレンズ,"以下の基準を満たしていることが前提です。

高度管理医療機器等販売業許可を取得していること
ランディングページ内に、高度管理医療機器等の販売業許可番号、高度管理医療機器承認番号の記載があること
眼科医の処方に従って購入することが明記されていること
「処方箋不要」又は「検査不要」など、医療機関の受診が不要であると誤認させるような表現を使用していないこと
例）
高度管理医療機器等の販売業許可　許可番号 第 ●●● 号

高度管理医療機器承認番号：11111AAA22222B33

【関連する法律や業界ガイドラインなど】
医薬品医療機器等法、特定商取引に関する法律、景品表示法 など",0,,line
345,業種・サービス​ごとの注意点,検査キット,"以下の基準を満たしていることが前提です。

病気の診断や健康診断が目的の場合は、国内の医療機関または衛生検査所で実施していること
また、結果を送付することで医師の診察が不要であると誤認させるような表現がないこと
取得した個人情報の取り扱いについての説明が明確に記載されていること
体質の遺伝特徴や発病のリスク等を調べる遺伝子検査の場合は、医療行為と誤認する表現がないこと
【関連する法律や業界ガイドラインなど】
医薬品医療機器等法、個人情報保護法、景品表示法 など",0,,line
346,業種・サービス​ごとの注意点,疾患啓発,"以下の基準を満たしていることが前提です。

ランディングページ内に運営者の連絡先などを明確に記載していること
医療用医薬品の広告ではないこと
【関連する法律や業界ガイドラインなど】
医薬品医療機器等法 など",0,,line
347,業種・サービス​ごとの注意点,あん摩マッサージ指圧、はり、きゅう、柔道整復,"以下の基準を満たしていることが前提です。

施術者が国家資格（「あん摩マッサージ指圧師」「はり師」「きゅう師」「柔道整復師」）を取得していること
広告可能な項目であること
以下で定められた項目以外は掲載できません。

※ 東京都福祉保健局 あん摩マッサージ指圧・はり・きゅう、柔道整復施術所「3 広告制限」より抜粋
（1）あん摩マッサージ指圧師、はり師、きゅう師

ア　施術者である旨、施術者の氏名及び住所
※　施術者である旨に含まれる表現として、「あん摩マッサージ指圧師（厚生労働大臣免許）」、「はり師（厚生労働大臣免許）」「きゅう師（厚生労働大臣免許）」が広告し得るものとして整理されています。
イ　業務（あん摩、マッサージ、指圧、はり、きゅう）の種類
ウ　施術所の名称、電話番号、所在場所の表示
（注）上記アからウまでについて広告する場合にも、その内容は、施術者の技能、施術方法又は経歴に関する事項にわたってはなりません。
エ　施術日、施術時間
オ　その他
（ア）もみりょうじ
（イ）やいと、えつ
（ウ）小児鍼（はり）
（エ）保健所に届出をした旨
（オ）医療保険療養費支給申請ができる旨（申請については医師の同意が必要な旨を明示する場合に限る。）
（カ）予約に基づく施術の実施
（キ）休日又は夜間における施術の実施
（ク）出張による施術の実施
（ケ）駐車設備に関する事項
（2）柔道整復師

ア　柔道整復師である旨、その氏名及び住所
イ　施術所の名称、電話番号、所在場所の表示
（注）上記ア及びイについて広告する場合にも、その内容は、施術者の技能、施術方法又は経歴に関する事項にわたってはなりません。
ウ　施術日、時間
エ　その他
（ア）ほねつぎ（又は接骨）
（イ）保健所に届出をした旨
（ウ）医療保険療養費支給申請ができる旨（脱臼又は骨折の患部の施術に係る申請については医師の同意が必要な旨を明示する場合に限る。）
（エ）予約に基づく施術の実施
（オ）休日又は夜間における施術の実施
（カ）出張による施術の実施
（キ）駐車設備に関する事項
【関連する法律や業界ガイドラインなど】
あん摩マッサージ指圧師、はり師、きゅう師等に関する法律、柔道整復師法 など",0,,line
348,業種・サービス​ごとの注意点,整体、気功、アロマテラピー、カイロプラクティックなどの民間療法,"以下の基準を満たしていることが前提です。

医療行為と誤認させるような表現や、医療行為と同等の効果を得られるような表現をしていないこと
医師、あん摩マッサージ指圧師、はり師、きゅう師又は柔道整復師が行う施術行為であると誤認させるような表示をしていないこと
非科学的な根拠に基づいた治療でないこと
施術の効果について、確実若しくは断定的な表現又は誤認期待を与えるような誇大な表現を使用していないこと
【関連する法律や業界ガイドラインなど】
景品表示法 など",0,,line
349,業種・サービス​ごとの注意点,美容、エステティックサロン,"以下の基準を満たしていることが前提です。

施術内容が医療行為（レーザー脱毛、アートメイク等）にあたらないこと
医療行為と誤認させるような表現や、医療行為と同等の効果を得られるような表現をしていないこと
医師、あん摩マッサージ指圧師、はり師、きゅう師又は柔道整復師が行う施術行為であると誤認させるような表示をしていないこと
食事制限等を含んだ効果であるにもかかわらず、その注意書きなどがなく、あたかも美容施術のみで効果が得られるような表現をしていないこと
施術の効果について、効果を保証するかのような表現やだれでも短時間で効果が得られるような表現をしていないこと
根拠の裏づけがないものや、虚偽の体験談・施術前後の写真などを使用して、実際よりも効果が得られると誤認させるような表現をしていないこと
NG表現	事例
エステティックサロンなどでよくあるNG例	医療行為と誤認させるような表現
不快感を与える可能性のある画像
【関連する法律や業界ガイドラインなど】
景品表示法、特定商取引に関する法律、医薬品医療機器等法、エステティック業統一自主基準 など",0,,line
350,業種・サービス​ごとの注意点,治験,"以下の基準を満たしていることが前提です。

厚生労働大臣に届け出ている治験募集の内容であること
ランディングページ内に運営者の連絡先を明確に記載していること
治験の参加が高額アルバイトと認識されるような表現がないこと
虚偽又は誇大な表現、効能効果や安全性の暗示をするような表現がないこと
募集主名、所在地、治験の被験者を募集している旨の記載があること
【関連する法律や業界ガイドラインなど】
医薬品医療機器等法、医療広告ガイドライン、医療法 など",0,,line
351,業種・サービス​ごとの注意点,能力開発、自己啓発関連商材,"以下の基準を満たしていることが前提です。

商品やサービスが社会通念上妥当な範囲を逸脱していないこと
非科学的な根拠により人を惑わせたり、恐怖心若しくは不快感を起こさせるものでないこと
「儲かる/儲ける」「〇〇するだけ」等の内容を謳って集客し、メールマガジン登録、動画・DVD販売やセミナー開催等へ誘導していないこと
料金体系が明確でクーリングオフなど解約や返品についての手順の記載を明確に記載していること
【関連する法律や業界ガイドラインなど】
特定商取引に関する法律、景品表示法 など",0,,line
352,業種・サービス​ごとの注意点,占い,"以下の基準を満たしていることが前提です。

利用手順、料金システムや退会方法、取得した個人情報の取り扱いについての説明を明確に記載していること
商品やサービスが社会通念上妥当な範囲を逸脱していないこと
虚偽又は誇大な表現により、極端な効果を保証するようなものでないこと
非科学的な根拠で人を惑わせ、射幸心を煽り、不安感・恐怖心を与えるようなものでないこと
よくあるNG例
このままだとあなたは不幸になります

あなたが高額当選している姿が見えます

驚異の的中率100％！

当たりすぎて号泣・・・！

絶対に当たると噂の・・・

【関連する法律や業界ガイドラインなど】
特定商取引に関する法律、景品表示法 など",0,,line
353,業種・サービス​ごとの注意点,開運・厄除けなどの商品、サービス,"以下の基準を満たしていることが前提です。

商品やサービスが社会通念上妥当な範囲を逸脱していないこと
虚偽又は誇大な表現により、極端な効果を保証するようなものでないこと
非科学的な根拠で人を惑わせ、射幸心を煽り、不安感・恐怖心を与えるようなものでないこと
クーリングオフなど解約や返品についての手順を明確に記載していること
寺院や神社等の伝統的な社会風俗や行事などに関連するもので当社が適切と判断したもの
（例）「合格祈願」「厄除け」「初詣」など
よくあるNG例
このお守りを買うと宝くじが当たります

このブレスレットを買ったらこんな僕でも彼女が出来ました

このパワーストーンのおかげで癌が治りました

【関連する法律や業界ガイドラインなど】
特定商取引に関する法律、景品表示法 など",0,,line
354,業種・サービス​ごとの注意点,懸賞、お小遣いサイト,"以下の基準を満たしていることが前提です。

利用方法および参加・応募にあたっての条件等を明確に記載していること
ユーザーの個人情報を取得する場合、遷移先での情報の取り扱いが個人情報保護法に準拠していること
取得した個人情報の取り扱いについての説明を明確に記載していること
投機心、射幸心を著しく煽る内容、ギャンブル性を感じる表現またはサービスで​ないこと
【関連する法律や業界ガイドラインなど】
景品表示法 など",0,,line
355,業種・サービス​ごとの注意点,代理店、フランチャイズ募集,"以下の基準を満たしていることが前提です。

募集している事業者の名称や所在地、事業内容を明確に記載していること
開業や運営に必要な費用（加盟金、保証金、ロイヤリティーなどを含む）を明確に記載していること
客観的な根拠もなく、誰でも簡単に運営ができ成功が保証されるかのような誤解を招く表現がないこと",0,,line
356,業種・サービス​ごとの注意点,探偵業,"以下の基準を満たしていることが前提です。

都道府県の公安委員会に届出をしていること
ランディングページ内に公安委員会の届出番号の記載があること
盗聴、盗撮など違法行為による調査を行っていないこと
工作行為などを行っていないこと
身辺調査や財産、出生など個人を対象にした調査を行っていないこと
【関連する法律や業界ガイドラインなど】
探偵業法、個人情報保護法 など",0,,line
357,業種・サービス​ごとの注意点,防犯、セキュリティ関連,"以下の基準を満たしていることが前提です。

盗聴や盗撮、暴力的行為等の犯罪目的、または犯罪に利用される可能性がないこと
【関連する法律や業界ガイドラインなど】
銃砲刀剣類所持等取締法 、刑法など",0,,line
358,業種・サービス​ごとの注意点,塾、資格、通信講座など教育関連,"以下の基準を満たしていることが前提です。

各サービスごとに必要な資格、許認可等を取得していること
サービス内容や料金、契約解除の方法等が明確に記載されていること
確実に成果を得られると誤認させる表現がないこと
合格率、就職率等を表記する場合は、客観的な根拠の裏付けがあること
特定商取引法を遵守していること
【関連する法律や業界ガイドラインなど】
特定商取引に関する法律、景品表示法 など",0,,line
359,業種・サービス​ごとの注意点,祭事神事等、伝統的な社会風俗,"以下の基準を満たしていることが前提です。

寺院や神社等の伝統的な社会風俗や行事、出版物等の創作物で当社が適切と判断したもの
（例）「合格祈願」「厄除け」「初詣」など",0,,line
360,業種・サービス​ごとの注意点,選挙,"以下の基準を満たしていることが前提です。

選挙管理委員会等による選挙開催の告知に関する広告であること
特定の政党や候補者への投票を呼び掛けるなどの、選挙運動に関わる表現でないこと
【関連する法律や業界ガイドラインなど】
公職選挙法 など",0,,line
361,業種・サービス​ごとの注意点,政党,"以下の基準を満たしていることが前提です。

広告主が、政党助成法に定義された政党、その他政治団体、またはそれらに準じる団体であること　※( 総務省都道府県選挙管理委員会HPや市区町村HPで確認)
上記以外の団体や個人による広告でないこと
遷移先が広告主である政党の公式なサイトであること
訴求内容は政党で掲げている政策に留めていること
他者を攻撃したり、特定の候補者を落選させるための内容でないこと
選挙や投票を呼び掛ける表現でないこと
クリエイティブ内に政党または政治団体名の表示があること
その他当社が選挙運動性を有すると判断したもの
注意
候補者の画像、動画や氏名は掲載できません
バナー・動画・テキストに党首以外の支部長、総支部長の氏名、画像を掲載する場合は役職と支部名、総支部名の記載がある場合のみ掲載可能です。
選挙当日の配信はできません、選挙運動公示日・告示日～選挙前日までとなります。
【関連する法律や業界ガイドラインなど】
公職選挙法 など",0,,line
362,業種・サービス​ごとの注意点,意見広告,"以下の基準を満たしていることが前提です。

クリエイティブ内に「意見広告」の記載、主体者名が明記されていること
主体者の実態や所在地が確認できること
一方的に他を攻撃したり、回答を要求するものでないこと
意見が社会性、公共性のある内容であること",0,,line
363,業種・サービス​ごとの注意点,募金、寄付,"以下の基準を満たしていることが前提です。

特定の宗教団体や政治団体などが主体ではないこと
活動内容が明確で、私的な活動でなく、社会性、公共性があること
募金・寄付金の使途目的、過去の実績等が明瞭であること",0,,line
364,業種・サービス​ごとの注意点,ペット関連ビジネス,"以下の基準を満たしていることが前提です。

運営会社、店舗の名称、住所、連絡先などの記載があること
取扱業種（販売・保管・貸し出し・展示など）、登録番号・登録年月日・登録有効期限、動物取扱責任者氏名の記載があること
（例）ペットショップ、ペットカフェ、ペットホテル等
【関連する法律や業界ガイドラインなど】
動物愛護法、動物用医薬品等取締規則 など",0,,line
365,罰則,罰則,"お客様が公開された広告(配信内容やクリエイティブ等すべてを含む）に当社が不適切と判断する表現があった場合、および「禁止事項」「運用上の注意事項」に抵触する行為があった場合、当社はお客様に対し、以下のような措置をとらせていただく場合があります。​

当該広告、広告アカウントの削除​
本サービスの提供停止​
本サービスにかかる利用契約の解除​
なお、いずれの場合においても、当社はその理由について回答する義務を負わないものとします。",0,,line
366,運用上の注意事項,運用上の注意事項,"クリエイティブやランディングページの内容に変更がある場合は再審査が必要になります。
審査の結果によっては広告を掲載できない場合があります。",0,,line
367,免責事項,免責事項,"配信中の広告でも当社が不適切と判断する内容があった場合、当社の裁量において、事前予告なく配信を停止させていただく場合があります。​

お客様の広告は各種関連法規に則った運用を行っていることを前提とします。

本ガイドラインの内容は予告なく変更する場合があります。また当社は必要に応じお客様に公表または通知することにより、利用規約および本ガイドラインを変更できるものとします。お客様は変更後、引き続き本サービスを利用した場合、変更後の利用規約および本ガイドラインに同意したものとみなされます。​

本サービスを利用し広告配信を行うにあたり、ユーザーからのクレームやお客様が不利益を被る可能性があります。お客様はこれらの可能性を認識した上で、自己の責任で本サービスを利用し、広告配信を行うものとし、ユーザーからのクレームやお客様が被った不利益について当社は一切その責任を負わないものとします。",0,,line
